question_id;edition;date;source;p;url;match;notes
Q-0001;01;2026-09-23;"Polymarket";0.26;"https://polymarket.com/event/will-russia-announce-a-new-forced-mobilization-byptptpt";"APPROX";"Option 31.12.2026; bid/ask 0.25/0.27; option volume approx. 111k USD, event liquidity approx. 137k USD. Broader criterion: an extension of the categories covered by the IX 2022 mobilisation also counts."
Q-0001;01;2026-09-23;"Manifold";0.27;"https://manifold.markets/zrdman/will-russia-conduct-a-new-wave-of-p";"EXACT";"""A new wave of public mobilisation"" by the end of 2026; 17 traders, volume approx. 775 M$ (play currency) — low liquidity."
Q-0006;01;2026-09-23;"Kalshi";0.42;"https://kalshi.com/markets/kxbrentmon";"EXACT";"Brent > 99.99 USD/bbl at the close on 30.09.2026 (17:00 EDT), 6 days before our deadline (06.10); bid/ask 0.40/0.44; volume approx. 23.8k contracts."
Q-0011;01;2026-09-23;"Kalshi";0.505;"https://kalshi.com/markets/kxtariffagree";"APPROX";"New reciprocal US–PRC tariff agreement before 01.11.2026 (9 days before our deadline); narrower criterion (an extension of the truce may not count as a ""new agreement""); bid/ask 0.48/0.53; volume approx. 1.3k contracts."
Q-0011;01;2026-09-23;"Polymarket";0.835;"https://polymarket.com/event/us-x-china-tariff-agreement-by-december-31";"APPROX";"Option 31.10.2026: tariff agreement announced jointly or parallel reductions; option volume approx. 2.9k USD — very low liquidity. Option 31.12: 0.91 (volume approx. 271k USD)."
Q-0016;01;2026-09-23;"Kalshi";0.075;"https://kalshi.com/markets/kxcbdpoland";"APPROX";"Only the MPC meeting of 07.10.2026 (our question also covers XI and XII): sum of rate-change options approx. 0.075, hold 0.915. A lower bound for our question."
Q-0017;01;2026-09-23;"Polymarket";0.64;"https://polymarket.com/event/ecb-interest-rates-december-2026";"APPROX";"Hike at the XII meeting (0.59 for 25 bp + 0.05 for 50+ bp); wide bid/ask, liquidity approx. 4k USD. X meeting (market ecb-interest-rates-october-2026-20260723225848778): hike 0.48, liquidity approx. 41k USD. P(hike in X or XII) ≥ 0.64."
Q-0018;01;2026-09-23;"Kalshi";0.315;"https://kalshi.com/markets/kxchinabanksanc";"APPROX";"US Treasury sanctions on a Chinese bank before 01.01.2027 (our deadline 31.03.2027; our criterion narrower — Iran/Russia reason, SDN list, excluding HK); bid/ask 0.27/0.36; volume 145 contracts — negligible liquidity."
Q-0020;01;2026-09-23;"Polymarket";0.275;"https://polymarket.com/event/bank-of-russia-decision-in-october-20260724021538830";"EXACT";"Rate cut at the 23.10.2026 meeting; bid/ask 0.27/0.28; liquidity approx. 14k USD."
Q-0026;01;2026-09-23;"Kalshi";0.035;"https://kalshi.com/markets/kxtrilateral";"APPROX";"Trump–Zelensky–Putin meeting before 01.01.2027 (leaders, not delegations; deadline one month longer); bid/ask 0.01/0.06; volume approx. 5.6k contracts."
Q-0026;01;2026-09-23;"Polymarket";0.645;"https://polymarket.com/event/russia-x-ukraine-any-diplomatic-meeting-byptptpt-20260819";"APPROX";"Option 31.10.2026: any RU–UA diplomatic meeting (including indirect via mediators), without a requirement of US participation; option 31.12: 0.89. Liquidity approx. 51k USD."
Q-0027;01;2026-09-23;"Polymarket";0.47;"https://polymarket.com/event/another-nato-article-4-byptptpt-20260726214235871";"EXACT";"Option 31.12.2026: formal request for Article 4 consultations (window from 26.07 — no event so far, hence equivalent to ours); bid/ask 0.41/0.53; option volume approx. 7.5k USD — low liquidity. Option 31.10: 0.20."
Q-0030;01;2026-09-23;"Polymarket";0.765;"https://polymarket.com/event/trump-meets-with-putin-by";"APPROX";"Option 31.12.2026 (our deadline 31.03.2027 — the market is a lower bound); a handshake or conversation at a multilateral event also counts; bid/ask 0.76/0.77; option volume approx. 159k USD. Location market (where-will-trump-and-putin-meet-next-678): China 0.665, no meeting 0.22."
Q-0030;01;2026-09-23;"Manifold";0.274;"https://manifold.markets/AmmonLam/will-donald-trump-and-vladimir-puti-8e5e17db22b4";"APPROX";"In-person meeting in 2026 (deadline 3 months shorter); 14 traders, volume approx. 364 M$ — negligible liquidity."
Q-0031;01;2026-09-23;"Polymarket";0.075;"https://polymarket.com/event/which-party-will-win-the-house-in-2026";"EXACT";"Republicans control the House (majority = 218 seats); bid/ask 0.07/0.08; option volume approx. 5.2 mn USD, event liquidity approx. 1.6 mn USD."
Q-0031;01;2026-09-23;"Kalshi";0.082;"https://kalshi.com/markets/controlh";"EXACT";"CONTROLH-2026-R; bid/ask 0.080/0.084; volume approx. 22.6 mn contracts."
Q-0031;01;2026-09-23;"Manifold";0.062;"https://manifold.markets/ryanmccomb/republicans-have-house-majority-aft";"EXACT";"600 traders, volume approx. 534k M$."
Q-0032;01;2026-09-23;"Polymarket";0.195;"https://polymarket.com/event/mojtaba-khamenei-public-appearance-by";"APPROX";"Option 31.12.2026: a new photo or video recording (our criterion: video or audio, no photos); bid/ask 0.19/0.20; option volume approx. 624k USD."
Q-0033;01;2026-09-23;"Polymarket";0.405;"https://polymarket.com/event/brazil-presidential-election";"EXACT";"Lula wins the election (first or second round); bid/ask 0.40/0.41; event volume approx. 154 mn USD, liquidity approx. 20.6 mn USD. Flávio Bolsonaro 0.58."
Q-0033;01;2026-09-23;"Kalshi";0.435;"https://kalshi.com/markets/kxbrpres";"EXACT";"KXBRPRES-26-LULA; bid/ask 0.43/0.44; volume approx. 954k contracts."
Q-0033;01;2026-09-23;"Manifold";0.373;"https://manifold.markets/GustavoMafra/will-lula-win-the-2026-brazilian-pr";"EXACT";"57 traders, volume approx. 15.6k M$."
Q-0033;01;2026-09-23;"Good Judgment Open";0.5;"https://www.gjopen.com/questions/5747-who-will-win-the-2026-brazilian-presidential-election";"EXACT";"Crowd forecast: Lula 50%, F. Bolsonaro 46%; number of forecasters not visible."
Q-0034;01;2026-09-23;"Polymarket";0.165;"https://polymarket.com/event/venezuela-presidential-election-scheduled-by";"APPROX";"Option ""December 31"" (announcement of the date of an election held before 2030); our deadline 31.03.2027; end date in the API ambiguous (2026-03-31); bid/ask 0.16/0.17; liquidity approx. 11k USD."
Q-0035;01;2026-09-23;"Polymarket";0.075;"https://polymarket.com/event/assimi-goita-out-as-president-of-mali-byptptpt-20260706205743291";"APPROX";"Option 31.12.2026: official announcement of departure (our deadline 31.03.2027; our criterion also covers loss of control over Bamako); bid/ask 0.05/0.10; liquidity approx. 9k USD. Option 30.06.2027: 0.545 (inconsistent curve, low liquidity)."
Q-0036;01;2026-09-23;"Kalshi";0.18;"https://kalshi.com/markets/kxhormuzavg";"EXACT";"7-day PortWatch average > 40 between 06.07.2026 and 01.01.2027 (no event since 06.07 — equivalent to ours); bid/ask 0.16/0.20; volume approx. 56k contracts."
Q-0036;01;2026-09-23;"Polymarket";0.205;"https://polymarket.com/event/strait-of-hormuz-traffic-returns-to-normal-by-december-31";"APPROX";"Threshold ≥ 60 (higher than our > 40) by 31.12.2026 — should be a lower bound for our question; bid/ask 0.20/0.21; volume approx. 12.6 mn USD. Cross-market inconsistency: Kalshi > 60 = 0.115, > 40 = 0.18."
Q-0036;01;2026-09-23;"Good Judgment Open";0.333;"https://www.gjopen.com/questions/5737";"APPROX";"7-day PortWatch average ≥ 35 before 11.01.2027: 33.3% (lower threshold, deadline 11 days longer); 35 forecasters."
Q-0037;01;2026-09-23;"Polymarket";0.041;"https://polymarket.com/event/will-ships-transit-the-strait-of-hormuz-on-any-day-by-september-30";"EXACT";"Option 20+ PortWatch transits on any day by 30.09.2026 (7 days before our deadline); bid/ask 0.032/0.05; option volume approx. 6k USD."
Q-0037;01;2026-09-23;"Kalshi";0.045;"https://kalshi.com/markets/kxmaxshipshormuz";"APPROX";"Max. daily number of transits ≥ 20 in September 2026 (excluding 01–07.10); bid/ask 0.03/0.06; volume approx. 2.7k contracts."
Q-0041;01;2026-09-23;"Polymarket";0.135;"https://polymarket.com/event/us-iran-ceasefire-continues-throughptptpt";"APPROX";"Converted: 1 − P(US–Iran ceasefire holds until 30.09) = 1 − 0.865. A breakdown of the ceasefire ≠ a US strike on Iranian land; event liquidity approx. 496k USD."
Q-0042;01;2026-09-23;"Polymarket";0.435;"https://polymarket.com/event/next-us-iran-senior-diplomatic-meeting-byptptpt";"APPROX";"Option 30.09.2026: high-level US–Iran diplomatic meeting (our deadline 07.10; our criterion includes indirect talks with a mediator); option 31.10: 0.67; liquidity approx. 30k USD."
Q-0054;01;2026-09-23;"Polymarket";0.99;"https://polymarket.com/event/russia-elections-a-just-russia-clears-duma-threshold";"EXACT";"SR ≥ 5% of valid votes; quote 0.993 (bid/ask 0.991/0.995), recorded as 0.99 (range 0.01–0.99); liquidity approx. 19k USD."
Q-0055;01;2026-09-23;"Polymarket";0.95;"https://polymarket.com/event/latvian-parliamentary-election-winner";"EXACT";"AS (United List) with the most seats; quote 0.9505 (bid/ask 0.941/0.96), recorded as 0.95; liquidity approx. 289k USD."
Q-0055;01;2026-09-23;"Kalshi";0.925;"https://kalshi.com/markets/kxlatviaparliament";"EXACT";"""United List wins""; bid/ask 0.90/0.95; volume approx. 5.8k contracts."
Q-0056;01;2026-09-23;"Manifold";0.099;"https://manifold.markets/WilliamDelinski/lula-vencera-as-eleicoes-presidenci";"EXACT";"Lula wins in the first round on 04.10 (i.e. > 50% of valid votes); 11 traders — negligible liquidity."
Q-0058;01;2026-09-23;"Kalshi";0.36;"https://kalshi.com/markets/kxtariffagree";"APPROX";"New reciprocal US–PRC tariff agreement before 01.10.2026 (6 days before our deadline; an extension of the truce may not count); bid/ask 0.30/0.42; volume approx. 2.1k contracts."
Q-0058;01;2026-09-23;"Polymarket";0.765;"https://polymarket.com/event/us-x-china-tariff-agreement-by-december-31";"APPROX";"Option 30.09.2026; bid/ask 0.75/0.78; option volume approx. 4k USD — very low liquidity. Strong divergence from Kalshi (0.36)."
Q-0065;01;2026-09-23;"Polymarket";0.545;"https://polymarket.com/event/us-iran-ceasefire-continues-throughptptpt";"APPROX";"Converted: 1 − P(US–Iran ceasefire holds until 31.12) = 1 − 0.455. A breakdown of the ceasefire (also by Iran or without a strike on land) ≠ our criterion; option volume approx. 96k USD."
Q-0066;01;2026-09-23;"Polymarket";0.65;"https://polymarket.com/event/fed-decision-in-october-20260617190323537";"EXACT";"Hike of 25 bp (0.645) + 50+ bp (0.0085) at the FOMC on 27–28.10; liquidity approx. 2.4 mn USD."
Q-0066;01;2026-09-23;"Kalshi";0.67;"https://kalshi.com/markets/kxfeddecision";"EXACT";"KXFEDDECISION-26OCT: H25 0.655 + H26 0.015; H25 volume approx. 771k contracts."
Q-0066;01;2026-09-23;"Manifold";0.618;"https://manifold.markets/MAKER/-will-the-fed-raise-interest-rates-Z62t6ZhEy5";"EXACT";"17 traders, volume approx. 387 M$ — negligible liquidity."
Q-0073;01;2026-09-23;"Polymarket";0.19;"https://polymarket.com/event/which-cities-will-russia-enter-by-december-31";"APPROX";"Entry of Russian forces into Kramatorsk by 31.12.2026 (not full control; deadline half a year shorter); Sloviansk 0.135; liquidity approx. 79k USD."
Q-0073;01;2026-09-23;"Manifold";0.147;"https://manifold.markets/AutopoieticErgodicity/will-russia-capture-kramatorsk-at-l";"APPROX";"Capture of Kramatorsk at least once by the end of 2026 (shorter deadline); 31 traders."
Q-0001;02;2026-10-09;"Polymarket";0.1;"https://polymarket.com/event/will-russia-announce-a-new-forced-mobilization-byptptpt";"APPROX";"Option 31.12.2026; bid/ask 0.09/0.11; option volume approx. 156k USD, event liquidity approx. 55k USD. Broader criterion: an extension of the categories covered by the IX 2022 mobilisation also counts. Option 31.10: 0.023."
Q-0001;02;2026-10-09;"Manifold";0.305;"https://manifold.markets/zrdman/will-russia-conduct-a-new-wave-of-p";"EXACT";"""A new wave of public mobilisation"" by the end of 2026; 18 traders, volume approx. 795 M$ (play currency) — negligible liquidity."
Q-0015;02;2026-10-09;"Kalshi";0.395;"https://kalshi.com/markets/kxtariffrateeu";"APPROX";"US tariff rate on EU imports on 01.01.2027 ""20% or above"" (KXTARIFFRATEEU-27JAN01); bid/ask 0.35/0.44; volume 81 contracts — negligible. Rate definition not checked against the ceiling in our criterion; date 3 months before our deadline."
Q-0016;02;2026-10-09;"Kalshi";0.365;"https://kalshi.com/markets/kxcbdpoland";"APPROX";"Only the MPC meeting of 04.11.2026 (our question also covers XII): 1 − hold (bid/ask 0.62/0.65); hike 25 bp 0.25/0.26, hike > 25 bp 0.05/0.06; hold volume approx. 4.7k contracts. A lower bound for our question."
Q-0017;02;2026-10-09;"Polymarket";0.773;"https://polymarket.com/event/ecb-interest-rates-december-2026";"APPROX";"Hike at the 17.12 meeting (25 bp 0.75 + 50+ bp 0.0225); event liquidity approx. 8k USD. October meeting (ecb-interest-rates-october-2026-20260723225848778): hike 0.045, liquidity approx. 106k USD. P(hike in X or XII) ≥ 0.77."
Q-0017;02;2026-10-09;"Kalshi";0.785;"https://kalshi.com/markets/kxcbdecisioneu";"APPROX";"KXCBDECISIONEU-26DEC17: hike 25 bp bid/ask 0.68/0.77 + hike > 25 bp 0.02/0.10; volume approx. 1.3k contracts. October (26OCT29) hike 0.055. December meeting only — lower bound for X-or-XII."
Q-0018;02;2026-10-09;"Kalshi";0.255;"https://kalshi.com/markets/kxchinabanksanc";"APPROX";"Treasury sanctions on a Chinese bank before 01.01.2027 (our deadline 31.03.2027; our criterion narrower — Iran/Russia reason, SDN list, excluding HK); bid/ask 0.21/0.30; volume approx. 400 contracts."
Q-0020;02;2026-10-09;"Polymarket";0.125;"https://polymarket.com/event/bank-of-russia-decision-in-october-20260724021538830";"EXACT";"Rate decrease at the 23.10.2026 meeting; bid/ask 0.12/0.13; event liquidity approx. 19k USD."
Q-0020;02;2026-10-09;"Kalshi";0.135;"https://kalshi.com/markets/kxcbdecisionrussia";"EXACT";"KXCBDECISIONRUSSIA-26OCT23: cut 1–25 bp bid/ask 0.01/0.23 + cut > 25 bp 0.01/0.02; volume approx. 480 contracts — wide spread, low liquidity."
Q-0021;02;2026-10-09;"Manifold";0.87;"https://manifold.markets/MikhailTal/will-chinas-suspension-of-its-octob";"APPROX";"Suspension of the 09.10.2025 measures still in effect on 30.11.2026 (an extension or successor suspension counts); 7 traders — negligible liquidity. Different criterion (state on a date vs an announcement by 10.11)."
Q-0026;02;2026-10-09;"Polymarket";0.48;"https://polymarket.com/event/russia-x-ukraine-any-diplomatic-meeting-byptptpt-20260819";"APPROX";"Option 30.11.2026: any RU–UA diplomatic meeting, indirect via mediators included, no US participation required; bid/ask 0.41/0.55; option volume approx. 1k USD. Option 31.10: 0.46; option 31.12: 0.81."
Q-0026;02;2026-10-09;"Kalshi";0.04;"https://kalshi.com/markets/kxtrilateral";"APPROX";"Trump–Zelenskyy–Putin meeting before 01.01.2027 (leaders, not delegations; deadline one month longer); bid/ask 0.02/0.06; volume approx. 8.5k contracts."
Q-0027;02;2026-10-09;"Polymarket";0.255;"https://polymarket.com/event/another-nato-article-4-byptptpt-20260726214235871";"EXACT";"Option 31.12.2026: formal request for Article 4 consultations; bid/ask 0.24/0.27; option volume approx. 13k USD. Option 31.10: 0.07."
Q-0028;02;2026-10-09;"Polymarket";0.355;"https://polymarket.com/event/us-iran-hormuz-agreement-byptptpt-20260803235957575";"EXACT";"Option 31.12.2026: US–Iran agreement establishing Iranian commitments to permit or restore Hormuz traffic, accepted by both; bid/ask 0.35/0.36; option volume approx. 29k USD. Options 31.10: 0.145, 30.11: 0.25."
Q-0028;02;2026-10-09;"Kalshi";0.115;"https://kalshi.com/markets/kxusairanagreement";"APPROX";"US–Iran nuclear deal before 01.01.2027 (narrower subject); bid/ask 0.11/0.12; volume approx. 1.8 mn contracts."
Q-0029;02;2026-10-09;"Polymarket";0.81;"https://polymarket.com/event/trump-putin-and-xi-seen-together-before-2027";"APPROX";"""Trump, Putin and Xi seen together before 2027"" — implies joint presence (APEC Shenzhen the obvious venue) but a different event; bid/ask 0.80/0.82; volume approx. 22k USD. Kalshi KXTRUMPXIPUTIN (trilateral meeting before 01.01.2027): 0.175."
Q-0030;02;2026-10-09;"Polymarket";0.81;"https://polymarket.com/event/trump-meets-with-putin-by";"APPROX";"Option 31.12.2026 (our deadline 31.03.2027 — the market is a lower bound); bid/ask 0.80/0.82; option volume approx. 197k USD. Location market (where-will-trump-and-putin-meet-next-678): China 0.735, no meeting by 31.12 0.195."
Q-0030;02;2026-10-09;"Manifold";0.274;"https://manifold.markets/AmmonLam/will-donald-trump-and-vladimir-puti-8e5e17db22b4";"APPROX";"In-person meeting in 2026 (deadline 3 months shorter); 14 traders, volume approx. 364 M$ — negligible liquidity (quote unchanged since edition 01)."
Q-0031;02;2026-10-09;"Polymarket";0.095;"https://polymarket.com/event/which-party-will-win-the-house-in-2026";"EXACT";"Republicans win the House; bid/ask 0.09/0.10; option volume approx. 6.9 mn USD, event liquidity approx. 4.4 mn USD."
Q-0031;02;2026-10-09;"Kalshi";0.105;"https://kalshi.com/markets/controlh";"EXACT";"CONTROLH-2026-R; bid/ask 0.10/0.11; volume approx. 33 mn contracts."
Q-0031;02;2026-10-09;"Manifold";0.07;"https://manifold.markets/ryanmccomb/republicans-have-house-majority-aft";"EXACT";"630 traders, volume approx. 570k M$."
Q-0032;02;2026-10-09;"Polymarket";0.185;"https://polymarket.com/event/mojtaba-khamenei-public-appearance-by";"APPROX";"Option 31.12.2026: a new photo or video (our criterion: video or audio, no photos); bid/ask 0.18/0.19; option volume approx. 649k USD."
Q-0033;02;2026-10-09;"Polymarket";0.105;"https://polymarket.com/event/brazil-presidential-election";"EXACT";"Lula wins the election; bid/ask 0.10/0.11; event volume approx. 179 mn USD, liquidity approx. 2.2 mn USD. Flávio Bolsonaro 0.89."
Q-0033;02;2026-10-09;"Kalshi";0.115;"https://kalshi.com/markets/kxbrpres";"EXACT";"KXBRPRES-26-LULA; bid/ask 0.11/0.12; volume approx. 2.7 mn contracts."
Q-0033;02;2026-10-09;"Manifold";0.14;"https://manifold.markets/GustavoMafra/will-lula-win-the-2026-brazilian-pr";"EXACT";"65 traders, volume approx. 20k M$."
Q-0034;02;2026-10-09;"Polymarket";0.105;"https://polymarket.com/event/venezuela-presidential-election-scheduled-by";"APPROX";"Option 31.12.2026 (announcement of an election date); our deadline 31.03.2027; bid/ask 0.10/0.11; option volume approx. 144k USD."
Q-0035;02;2026-10-09;"Polymarket";0.05;"https://polymarket.com/event/assimi-goita-out-as-president-of-mali-byptptpt-20260706205743291";"APPROX";"Option 31.12.2026: official departure (our deadline 31.03.2027; our criterion also covers loss of Bamako); bid/ask 0.039/0.061; liquidity approx. 10k USD. Option 30.06.2027: 0.61 (liquidity approx. 400 USD — inconsistent curve)."
Q-0036;02;2026-10-09;"Kalshi";0.17;"https://kalshi.com/markets/kxhormuzavg";"EXACT";"KXHORMUZAVG-27JAN01-A40: 7-day average > 40 after 06.07.2026 and before 01.01.2027 (no event since 06.07 — equivalent to ours); bid/ask 0.16/0.18; volume approx. 58k contracts."
Q-0036;02;2026-10-09;"Polymarket";0.175;"https://polymarket.com/event/strait-of-hormuz-traffic-returns-to-normal-by-december-31";"APPROX";"""Returns to normal"" by 31.12.2026 (higher threshold than our > 40); bid/ask 0.17/0.18; volume approx. 14.5 mn USD. Cross-market: Kalshi > 60 = 0.095, > 40 = 0.17."
Q-0038;02;2026-10-09;"Polymarket";0.479;"https://polymarket.com/event/us-announces-end-of-iranian-blockade-byptptpt-20260713152715080";"EXACT";"Option 31.12.2026: official US announcement of the end, lifting or suspension of the naval blockade; bid/ask 0.477/0.481; option volume approx. 3.1 mn USD. Options 31.10: 0.18, 30.11: 0.33."
Q-0065;02;2026-10-09;"Polymarket";0.665;"https://polymarket.com/event/us-iran-ceasefire-continues-throughptptpt";"APPROX";"Converted: 1 − P(US–Iran ceasefire holds until 31.12) = 1 − 0.335. A breakdown of the ceasefire (also by Iran or without a strike on land) ≠ our criterion; option volume approx. 389k USD. Ceasefire through the midterms: 0.725."
Q-0066;02;2026-10-09;"Polymarket";0.159;"https://polymarket.com/event/fed-decision-in-october-20260617190323537";"EXACT";"Hike 25 bp (0.155) + 50+ bp (0.0035) at the FOMC of 27–28.10; event liquidity approx. 2.75 mn USD."
Q-0066;02;2026-10-09;"Kalshi";0.16;"https://kalshi.com/markets/kxfeddecision";"EXACT";"KXFEDDECISION-26OCT: H25 bid/ask 0.15/0.16 + H26 0.00/0.01; H25 volume approx. 2.7 mn contracts. December meeting hike 25 bp: 0.735."
Q-0066;02;2026-10-09;"Manifold";0.18;"https://manifold.markets/MAKER/-will-the-fed-raise-interest-rates-Z62t6ZhEy5";"EXACT";"24 traders, volume approx. 1k M$ — negligible liquidity."
Q-0068;02;2026-10-09;"Polymarket";0.17;"https://polymarket.com/event/us-yemen-ceasefire-continues-throughptptpt";"APPROX";"Converted: 1 − P(no US strike on Yemen through 31.10) = 1 − 0.83; window to 31.10 only (ours to 31.12); option volume approx. 16k USD."
Q-0069;02;2026-10-09;"Manifold";0.169;"https://manifold.markets/Terminator2/will-the-us-formally-notify-a-new-a";"APPROX";"Any DSCA notification of an arms sale to Taiwan by 30.11.2026 (no value threshold; shorter window); 2 traders — negligible liquidity."
Q-0073;02;2026-10-09;"Polymarket";0.16;"https://polymarket.com/event/which-cities-will-russia-enter-by-december-31";"APPROX";"Entry of Russian forces into Kramatorsk by 31.12.2026 (not full control; deadline half a year shorter); bid/ask 0.15/0.17; Sloviansk 0.115; option liquidity approx. 8k USD."
Q-0073;02;2026-10-09;"Manifold";0.147;"https://manifold.markets/AutopoieticErgodicity/will-russia-capture-kramatorsk-at-l";"APPROX";"Capture of Kramatorsk at least once by the end of 2026 (shorter deadline); 31 traders."
Q-0074;02;2026-10-09;"Kalshi";0.665;"https://kalshi.com/markets/kxbrentw";"EXACT";"KXBRENTW-26OCT1617: Brent > 99.99 USD/bbl on 16.10.2026 at 17:00 EDT (4 days before our date; edition 01 precedent for ±7 days); bid/ask 0.65/0.68; volume approx. 3 contracts — negligible. KXBRENTMON 30.10 > 100.99: 0.495."
Q-0076;02;2026-10-09;"Kalshi";0.35;"https://kalshi.com/markets/kxfaofpi";"EXACT";"KXFAOFPI-26NOV06-T136.0: FFPI for October above 136.0; bid/ask 0.31/0.39; volume 200 contracts — low liquidity."
Q-0078;02;2026-10-09;"Kalshi";0.35;"https://kalshi.com/markets/kxmaxshipshormuz";"APPROX";"Highest single-day Hormuz traffic in October 2026 at least 10 (whole month, ours 08–17.10); bid/ask 0.31/0.39; volume approx. 1.6k contracts. Weekly peak markets (KXHORMUZPEAK, ""above 10""): 0.045 for 05–11.10, 0.065 for 12–18.10 — data source not checked."
Q-0078;02;2026-10-09;"Polymarket";0.365;"https://polymarket.com/event/will-ships-transit-the-strait-of-hormuz-on-any-day-by-october-31";"APPROX";"10+ PortWatch transit calls on any day by 31.10 (longer window); bid/ask 0.24/0.49; option volume approx. 450 USD — negligible."
Q-0081;02;2026-10-09;"Polymarket";0.175;"https://polymarket.com/event/next-us-iran-senior-diplomatic-meeting-byptptpt";"APPROX";"Option 31.10.2026: senior-level US–Iran diplomatic meeting (window 10 days longer; senior level only); bid/ask 0.17/0.18; option volume approx. 190k USD."
Q-0081;02;2026-10-09;"Kalshi";0.155;"https://kalshi.com/markets/kxusiranmeeting";"APPROX";"US–Iran senior-level meeting before 01.11.2026; bid/ask 0.13/0.18; volume approx. 7.6k contracts."
Q-0082;02;2026-10-09;"Polymarket";0.46;"https://polymarket.com/event/russia-x-ukraine-any-diplomatic-meeting-byptptpt-20260819";"APPROX";"Option 31.10.2026: any RU–UA diplomatic meeting (bilateral or via mediators, no US participation required); bid/ask 0.45/0.47; option volume approx. 85k USD. Option 15.10: 0.09."
Q-0088;02;2026-10-09;"Polymarket";0.026;"https://polymarket.com/event/bank-of-russia-decision-in-october-20260724021538830";"EXACT";"Rate increase at the 23.10.2026 meeting; bid/ask 0.025/0.026; option volume approx. 24k USD."
Q-0088;02;2026-10-09;"Kalshi";0.025;"https://kalshi.com/markets/kxcbdecisionrussia";"EXACT";"KXCBDECISIONRUSSIA-26OCT23: hike 1–25 bp 0.01/0.02 + hike > 25 bp 0.00/0.02; volume approx. 600 contracts."
Q-0093;02;2026-10-09;"Polymarket";0.085;"https://polymarket.com/event/will-any-presidential-candidate-win-outright-in-the-first-round-of-the-bulgaria-election";"APPROX";"Any candidate wins outright in round 1 — requires > 50% of valid votes AND turnout > 50% (our criterion: votes only); bid/ask 0.07/0.10; volume approx. 5k USD. First-round winner Iotova 0.965; Kalshi overall winner 0.91."
Q-0094;02;2026-10-09;"Polymarket";0.515;"https://polymarket.com/event/israeli-legislative-election-winner";"EXACT";"Party with the most Knesset seats; Likud bid/ask 0.51/0.52, Yashar 0.485; option volume approx. 315k USD. Tie rule differs (votes decide; ours: tie = NO); results deadline 30.06.2027."
Q-0094;02;2026-10-09;"Kalshi";0.505;"https://kalshi.com/markets/kxisraelknesset";"EXACT";"KXISRAELKNESSET-26-LIK; bid/ask 0.49/0.52; volume approx. 29k contracts. Yashar 0.505."
Q-0094;02;2026-10-09;"Manifold";0.5;"https://manifold.markets/Shai/israel-election-which-party-will-wi";"EXACT";"Multiple choice ""which party will win the most seats"" (CEC results): Likud 0.50, Yashar 0.471; 19 traders — low liquidity."
Q-0095;02;2026-10-09;"Polymarket";0.365;"https://polymarket.com/event/which-party-will-win-the-senate-in-2026";"EXACT";"Republicans win control of the Senate (50 seats + VP suffices — equivalent to ≥ 50 seats); bid/ask 0.36/0.37; option volume approx. 2.6 mn USD, event liquidity approx. 4.8 mn USD."
Q-0095;02;2026-10-09;"Kalshi";0.395;"https://kalshi.com/markets/controls";"EXACT";"CONTROLS-2026-R; bid/ask 0.39/0.40; volume approx. 7.6 mn contracts."
Q-0095;02;2026-10-09;"Manifold";0.345;"https://manifold.markets/AndrewG/will-republicans-win-the-senate-in-738388924521";"EXACT";"574 traders, volume approx. 263k M$."
Q-0096;02;2026-10-09;"Polymarket";0.115;"https://polymarket.com/event/abbas-araghchi-out-as-minister-of-foreign-affairs-of-iran-byptptpt-20260709234123315";"EXACT";"Option 31.12.2026: Araghchi out as foreign minister (no event since creation — equivalent to our window from 08.10); bid/ask 0.10/0.13; option volume approx. 21k USD."
Q-0099;02;2026-10-09;"Polymarket";0.22;"https://polymarket.com/event/how-many-us-aircraft-carriers-in-centcom-on-november-30";"APPROX";"Number of carriers in CENTCOM on 30.11 only (ours: any weekly tracker 08.10–30.11): ""3"" 0.17 + ""4+"" 0.05; wide spreads; event volume approx. 4k USD — low liquidity."
Q-0100;02;2026-10-09;"Polymarket";0.81;"https://polymarket.com/event/trump-putin-and-xi-seen-together-before-2027";"APPROX";"""Trump, Putin and Xi seen together before 2027"" — joint presence, a different event from Putin attending APEC; bid/ask 0.80/0.82; volume approx. 22k USD. Kalshi KXTRUMPXIPUTIN (trilateral meeting before 01.01.2027): 0.175."
Q-0106;02;2026-10-09;"Polymarket";0.11;"https://polymarket.com/event/us-announces-diesel-export-ban-byptptpt";"APPROX";"Option 31.12.2026: announcement of a ban on all or substantially all diesel exports (quotas, licences excluded — ours includes them; lower bound); bid/ask 0.10/0.12; option volume approx. 12k USD. Option 31.10: 0.0245."
Q-0110;02;2026-10-09;"Polymarket";0.505;"https://polymarket.com/event/russia-x-ukraine-ceasefire-agreement-by";"APPROX";"Option 30.06.2027: any mutually agreed suspension of direct military engagement (broader: no signature or full-front coverage required); bid/ask 0.49/0.52; option volume approx. 163k USD. Options 31.12.2026: 0.145; 31.03.2027: 0.335."
Q-0113;02;2026-10-09;"Polymarket";0.41;"https://polymarket.com/event/will-russia-capture-all-of-kostyantynivka-by";"EXACT";"Option 31.03.2027: whole municipality shaded on the ISW map (ours: ISW assessment text); bid/ask 0.40/0.42; option volume approx. 6.8k USD. Option 31.12.2026: 0.15 (volume approx. 1 mn USD)."
Q-0007;02;2026-10-10;"Good Judgment Open";0.84;"https://www.gjopen.com/questions/5558-between-19-july-2026-and-4-december-2026-what-will-be-the-highest-closing-spot-price-per-barrel-for-brent-crude-oil-according-to-the-eia";"APPROX";"Highest EIA Brent spot close (FRED DCOILBRENTEU) 19.07–04.12.2026 at least 120 USD: sum of bins 120+ (6+51+17+6+2+1+1%). Different series and window: the EIA spot series stood far above the ICE front-month in the window (FRED: 135.51 on 02.10.2026, 125.44 on 06.10.2026), so the crowd value mostly reflects an already observed spot peak — not comparable with our ICE settlement criterion. Number of forecasters not shown."
Q-0017;02;2026-10-10;"Good Judgment Open";0.193;"https://www.gjopen.com/questions/5432-at-close-of-business-on-29-october-2026-will-the-most-recently-announced-european-central-bank-ecb-deposit-facility-interest-rate-be-lower-the-same-or-higher-than-it-was-at-close-of-business-on-10-september-2026";"APPROX";"October meeting only: deposit rate on 29.10.2026 higher than on 10.09.2026 (Higher 19.3%, Same 79.6%, Lower 1.1%); a lower bound for our union of the October and December meetings. Number of forecasters not shown."
Q-0017;02;2026-10-10;"Good Judgment Open";0.406;"https://www.gjopen.com/questions/5611-at-close-of-business-on-17-december-2026-will-the-most-recently-announced-european-central-bank-ecb-deposit-facility-interest-rate-be-lower-the-same-or-higher-than-it-was-at-close-of-business-on-29-october-2026";"APPROX";"December meeting only: deposit rate on 17.12.2026 higher than on 29.10.2026 (Higher 40.6%, Same 56.2%, Lower 3.2%); a lower bound for our union of two meetings. If the two GJO questions were independent, the union would be about 0.52 (illustrative only). Number of forecasters not shown."
Q-0031;02;2026-10-10;"Good Judgment Open";0.204;"https://www.gjopen.com/questions/4092-will-the-democratic-party-win-control-of-the-us-house-of-representatives-in-the-2026-midterm-elections";"EXACT";"Converted: 1 − P(Democrats win control of the House) = 1 − 0.7957. Same election; control not defined by seat count on the page (an exotic non-majority outcome would differ). Number of forecasters not shown."
Q-0033;02;2026-10-10;"Good Judgment Open";0.26;"https://www.gjopen.com/questions/5747-who-will-win-the-2026-brazilian-presidential-election";"EXACT";"Lula 26%, Flávio Bolsonaro 73%, Augusto Cury 1% (−25 points in a week after the first round). The parallel GJO question 5169 gives Lula 23.07% — not recorded separately so that GJO is not double-weighted; same question as edition 01."
Q-0036;02;2026-10-10;"Good Judgment Open";0.15;"https://www.gjopen.com/questions/5737";"APPROX";"7-day PortWatch moving average at least 35 before 11.01.2027: 15% (lower threshold than our > 40, deadline 11 days longer — an upper bound). Same question as edition 01 (then 0.333)."
Q-0066;02;2026-10-10;"Good Judgment Open";0.158;"https://www.gjopen.com/questions/5474-at-close-of-business-on-28-october-2026-will-the-upper-limit-of-the-federal-reserve-s-target-range-for-the-federal-funds-rate-be-lower-the-same-or-higher-than-it-was-at-close-of-business-on-16-september-2026";"EXACT";"Upper limit on 28.10.2026 higher than on 16.09.2026 (Higher 15.8%, Same 83.9%, Lower 0.3%); equivalent to a hike at the 27–28.10 meeting unless an inter-meeting move occurs. Number of forecasters not shown."
Q-0095;02;2026-10-10;"Good Judgment Open";0.47;"https://www.gjopen.com/questions/4546-how-will-the-republican-party-perform-in-the-2026-us-senate-elections";"EXACT";"Sum of bins with at least 50 Republican seats: 50 seats 24% + 51–52 16% + 53 4% + 54+ 3%; 49 or fewer 53%. Number of forecasters not shown."
