id;created;edition_created;type;vector;region;cluster;question;resolution_criterion;resolution_source;deadline;p_status_quo;who_benefits;pir;key_indicator;status;notes
Q-0001;2026-09-23;01;"PANEL";"MIL";"Russia";"RU_MOBILIZATION";"Will the president of Russia sign by 31.12.2026 a decree announcing mobilisation (general or partial)?";"YES if after 23.09.2026 a decree of the president of the Russian Federation announcing mobilisation (the term ""mobilisation"" in the title or operative part) under the law on mobilisation preparation and mobilisation is published on publication.pravo.gov.ru or kremlin.ru. Decrees on conscription (including no. 998 of 29.12.2025), on exercises and special reserve formations, or on contract service do not count.";"publication.pravo.gov.ru; kremlin.ru/acts";2026-12-31;0.10;"NONE";"PIR-1";"manpower needs per ISW; acts on the reserve; statements of the Russian MoD";"ACTIVE";"Panel. From P-006 — narrowed to a mobilisation decree (conscription in 2026 is year-round, a separate autumn decree is not expected)."
Q-0002;2026-09-23;01;"PANEL";"MIL";"NATO–Russia";"EASTERN_FLANK";"Will at least one person be killed on the territory of a NATO state by a Russian drone or missile strike by 31.12.2026?";"YES if the government of a NATO state confirms that after 23.09.2026 at least one person was killed on its territory (land, territorial waters, airspace) by a drone or missile launched by Russia, including one that strayed or was shot down over that territory. Attribution to Russia — in the government statement.";"statements of NATO governments; nato.int";2026-12-31;0.10;"NONE";"PIR-1; PIR-2";"drone and missile incidents in PL, RO, LT, LV, EE";"ACTIVE";"Panel. From P-013; who_benefits changed from RUSSIA to NONE (§3.6 — doubt)."
Q-0003;2026-09-23;01;"PANEL";"MIL";"Europe";"US_EUROPE";"Will the Pentagon or the White House announce by 31.03.2027 a decision to reduce the number of US troops in Europe by at least 10,000?";"YES if an official statement (defense.gov, whitehouse.gov, eucom.mil) published after 23.09.2026 announces a decision (not an option or a leak) to reduce US troop strength in Europe by at least 10,000 soldiers net, in total across one or more announcements after 23.09.2026. Moves within Europe do not reduce strength. Reductions announced before 23.09.2026 do not count.";"defense.gov; whitehouse.gov; eucom.mil";2027-03-31;0.10;"RUSSIA";"PIR-2";"force posture review recommendation (by 06.11.2026); §1249 NDAA";"ACTIVE";"Panel. Replaces P-018 (criterion of reducing the rotational presence in Poland was ambiguous). who_benefits RUSSIA: a reduction of US forces in Europe strengthens Russia's position vis-à-vis NATO."
Q-0004;2026-09-23;01;"PANEL";"MIL";"Ukraine";"UA_FRONT";"Will the net gain of Ukrainian territory occupied by Russia in October 2026 exceed 200 km² according to DeepState?";"YES if the DeepState monthly summary for X 2026 shows a net gain (occupied minus recaptured) above 200 km². If DeepState gives only a gross value — use it. Secondary sources citing DeepState (ISW, Russia Matters, news agencies) are acceptable.";"deepstatemap.live; DeepState channel; Russia Matters";2026-10-31;0.10;"RUSSIA";"PIR-1";"DeepState pace km²/week; Kramatorsk and Lyman axes";"ACTIVE";"Panel. New (K9 from G1). State: approx. 150 km² net in 4 weeks to 14.09 (G1-044). Resolution after publication of the DeepState summary (early XI)."
Q-0005;2026-09-23;01;"PANEL";"MIL";"Taiwan";"TAIWAN";"Will the PRC Eastern Theater Command announce named military exercises around Taiwan by 31.03.2027?";"YES if after 23.09.2026 the PLA Eastern Theater Command or the PRC Ministry of National Defense announces exercises with a proper name covering the area around Taiwan. Unnamed combat-readiness patrols do not count.";"eng.chinamil.com.cn; mod.gov.cn; Xinhua; Taiwan's Ministry of National Defense";2027-03-31;0.10;"NONE";"PIR-4";"decision on the arms package for Taiwan; daily PLA activity per Taiwan's Ministry of National Defense";"ACTIVE";"Panel. From P-027 — deadline extended; who_benefits CHINA changed to NONE (§3.6)."
Q-0006;2026-09-23;01;"PANEL";"ENE";"Global";"OIL_PRICE";"Will the settlement price of the ICE Brent front-month contract on 06.10.2026 exceed 100.00 USD/bbl?";"YES if the settlement (closing) price of the nearest-month ICE Brent contract on 06.10.2026 > 100.00 USD/bbl. Sources: ICE settlement report or Reuters, CNBC, Trading Economics; in case of discrepancy ICE decides.";"ice.com; Reuters; Trading Economics";2026-10-06;0.10;"NONE";"PIR-3; PIR-5";"US–Iran talks; transits through Hormuz; OPEC+ 04.10";"RESOLVED";"Panel (rolling: after resolution replace with an analogous question dated to the next edition). State: 99.25 USD (22.09, G2-002). Futures contract instead of EIA RBRTE, because spot Dated Brent deviates from futures by more than ten USD (IEA: 113.48 USD on 09.09). | Edition 02 stage 01: resolved YES (2026-10-06); VERIFY pending user approval."
Q-0007;2026-09-23;01;"PANEL";"ENE";"Global";"OIL_PRICE";"Will the settlement price of the ICE Brent front-month contract exceed 120 USD/bbl on any trading day between 24.09 and 31.12.2026?";"YES if on any trading day in this period the settlement (closing) price of nearest-month ICE Brent > 120.00 USD/bbl. Sources: ICE or Reuters, CNBC, Trading Economics; in case of discrepancy ICE decides.";"ice.com; Reuters; Trading Economics";2026-12-31;0.10;"NONE";"PIR-3; PIR-5";"attacks on Yanbu and the East–West pipeline; breakdown of US–Iran talks";"ACTIVE";"Panel. From P-010 — source changed to the ICE contract (consistency with Q-0006)."
Q-0008;2026-09-23;01;"PANEL";"ENE";"Global";"OIL_PRICE";"Will the settlement price of the ICE Brent front-month contract fall below 80 USD/bbl on any trading day between 24.09 and 31.12.2026?";"YES if on any trading day in this period the settlement (closing) price of nearest-month ICE Brent < 80.00 USD/bbl. Sources: ICE or Reuters, CNBC, Trading Economics; in case of discrepancy ICE decides.";"ice.com; Reuters; Trading Economics";2026-12-31;0.10;"NONE";"PIR-3; PIR-5";"US–Iran agreement; transits through Hormuz";"ACTIVE";"Panel. From P-011 — source changed to the ICE contract."
Q-0009;2026-09-23;01;"PANEL";"ENE";"EU";"EU_ENERGY";"Will the settlement price of the TTF front-month contract exceed 90 EUR/MWh on any trading day between 24.09 and 31.12.2026?";"YES if on any trading day in this period the settlement price of nearest-month ICE Endex TTF > 90.00 EUR/MWh. Sources: ICE Endex or Trading Economics, Reuters; in case of discrepancy ICE Endex decides.";"ice.com (Endex); Trading Economics; Reuters";2026-12-31;0.10;"NONE";"PIR-3";"EU storage; Qatari force majeure; weather; Norwegian supplies";"ACTIVE";"Panel. From P-009 — threshold lowered from 100 to 90 EUR/MWh (September peak approx. 84; state on 22.09: 71–74)."
Q-0010;2026-09-23;01;"PANEL";"ENE";"EU";"EU_ENERGY";"Will EU gas storage fill per GIE AGSI+ on gas day 01.01.2027 be below 55.0%?";"YES if the EU storage fill value (EU, % of capacity) in AGSI+ for gas day 01.01.2027 < 55.0. The first publication for that day counts.";"agsi.gie.eu";2027-01-01;0.10;"NONE";"PIR-3";"injection and withdrawal rate; weather XI–XII; Qatar";"ACTIVE";"Panel. From P-008 — threshold raised from 45% to 55% so that the question is not trivial given a projection of approx. 78% on 01.11 (G2-018). State: 70.3% (22.09)."
Q-0011;2026-09-23;01;"PANEL";"ECO";"China–USA";"US_CHINA_TRADE";"Will the governments of the USA and the PRC both announce by 10.11.2026 an extension of the trade (tariff) truce or a new trade agreement replacing it?";"YES if after 23.09.2026 and no later than 10.11.2026 official sources of both governments (White House, USTR or Treasury, and MOFCOM or Xinhua quoting the PRC government) announce an extension of the truce expiring on 10.11.2026 for any period, or a trade agreement replacing it. An announcement suffices; implementing acts may follow later.";"whitehouse.gov; ustr.gov; mofcom.gov.cn; Xinhua";2026-11-10;0.10;"COMPROMISE";"PIR-4";"statements after the 24.09 summit; US–PRC Board of Trade";"RESOLVED";"Panel. Merged P-028 and K3-03; deadline shortened to the truce expiry date. | Edition 02 stage 01: resolved YES (2026-09-28); VERIFY pending user approval."
Q-0012;2026-09-23;01;"PANEL";"ECO";"Global";"RU_SANCTIONS_US";"Will the US president impose a tariff under H.R. 5334 on goods from at least one country other than Russia by 31.12.2026?";"YES if after 23.09.2026 a proclamation, executive order or Federal Register notice is published imposing a tariff on goods from a country other than Russia with reference to H.R. 5334 (Sanctioning Russia and Iran Act of 2026), with an effective date no later than 31.12.2026. An announcement without an act does not count.";"federalregister.gov; whitehouse.gov";2026-12-31;0.10;"NONE";"PIR-1; PIR-4; PIR-6";"30-day deadline (approx. 18.10.2026); reactions of India, Turkey and the PRC";"ACTIVE";"Panel. New (K3-01, deadline extended). State: authorisation, tariffs not imposed (G3-003)."
Q-0013;2026-09-23;01;"PANEL";"ECO";"Poland";"PL_INFLATION";"Will the Statistics Poland (GUS) flash estimate of CPI inflation for September 2026 be at least 3.5% y/y?";"YES if the flash estimate of the consumer price index for IX 2026 published by GUS is at least 3.5% y/y. The first publication (flash estimate) counts, not a revision.";"stat.gov.pl";2026-09-30;0.10;"NONE";"PIR-6; PIR-3";"fuel prices after the return of 23% VAT from 01.09; food prices";"RESOLVED";"Panel (rolling). State: CPI VIII 3.4% (G3-027). Deadline = scheduled date of the flash estimate; if moved, the first publication decides. | Edition 02 stage 01: resolved YES (2026-09-30)."
Q-0014;2026-09-23;01;"PANEL";"ECO";"Global";"FOOD";"Will the FAO Food Price Index (FFPI) for September 2026 be higher than 133.3 points?";"YES if the first publication of the FAO Food Price Index for IX 2026 gives a value higher than 133.3 (the value for VIII from the 05.09.2026 publication). A possible revision of the VIII value does not change the threshold.";"fao.org/worldfoodsituation/foodpricesindex";2026-10-09;0.10;"NONE";"PIR-3";"grain and sugar prices; fertilisers; Black Sea exports";"RESOLVED";"Panel (rolling). New (K-G2-14). Indicative deadline; the first publication for IX decides. | Edition 02 stage 01: resolved YES (2026-10-02); VERIFY pending user approval."
Q-0015;2026-09-23;01;"PANEL";"ECO";"USA–EU";"US_EU_TRADE";"Will the USA introduce a tariff on EU goods exceeding the 15% ceiling set in the 2026 agreement by 31.03.2027?";"YES if after 23.09.2026 the US government publishes an act (proclamation, executive order, USTR notice in the Federal Register) raising the combined tariff rate above 15% on EU goods covered by the ""all-inclusive"" ceiling, with an effective date no later than 31.03.2027. Not counted: section 232 tariffs on steel and aluminium, categories excluded from the ceiling as of 23.09.2026, and anti-dumping and countervailing duties.";"federalregister.gov; ustr.gov; policy.trade.ec.europa.eu";2027-03-31;0.10;"NONE";"PIR-6";"US–EU trade disputes; legal basis of US tariffs after expiry of s.122";"ACTIVE";"Panel. New (no ECO questions on US–EU relations among the proposals from 00). State: 15% ceiling since 01.07.2026 (G3-043)."
Q-0016;2026-09-23;01;"PANEL";"FIN";"Poland";"RATES_PL";"Will the Monetary Policy Council change the NBP reference rate at any meeting between 24.09 and 31.12.2026?";"YES if the MPC statement after a meeting in this period changes the reference rate (in either direction).";"nbp.pl";2026-12-31;0.10;"NONE";"PIR-6";"CPI (flash estimate for IX on 30.09); NBP projection XI; ECB and Fed decisions";"ACTIVE";"Panel. From P-015. State: 3.75% since III 2026; meetings 07.10, 04.11, XII."
Q-0017;2026-09-23;01;"PANEL";"FIN";"Euro area";"RATES_ECB";"Will the ECB raise the deposit rate at a meeting held between 24.09 and 31.12.2026?";"YES if after a meeting of the ECB Governing Council in this period (29.10 or XII) the deposit rate is higher than 2.50%.";"ecb.europa.eu";2026-12-31;0.10;"NONE";"PIR-6";"HICP; energy prices; pricing of rate contracts";"ACTIVE";"Panel. From P-016 — reworded: the hike of 10.09.2026 happened before the creation date."
Q-0018;2026-09-23;01;"PANEL";"FIN";"China–USA";"CN_SECONDARY_SANCTIONS";"Will OFAC add to the SDN list by 31.03.2027 a bank registered in mainland PRC in connection with Iran or Russia?";"YES if an OFAC notice (Recent Actions) after 23.09.2026 adds to the SDN list a bank (an institution with a banking licence) registered in the PRC outside Hong Kong and Macao, with a justification relating to Iran or Russia. Branches of foreign banks in the PRC and non-bank institutions do not count.";"ofac.treasury.gov/recent-actions";2027-03-31;0.10;"NONE";"PIR-4; PIR-5; PIR-6";"Operation Economic Outcast; H.R. 5334; outcome of the 24.09 summit";"ACTIVE";"Panel. From P-002 — the ""majority state ownership"" criterion replaced by registration in the PRC (verifiable), extended to Russia; deadline extended; who_benefits US_WEST changed to NONE (§3.6)."
Q-0019;2026-09-23;01;"PANEL";"FIN";"EU–Russia";"RU_SANCTIONS_EU";"Will the EU Council adopt the 22nd package of sanctions against Russia by 31.12.2026?";"YES if after 23.09.2026 the EU Council announces the formal adoption of a package of sanctions against Russia named in the Council statement as the 22nd package.";"consilium.europa.eu";2026-12-31;0.10;"EU";"PIR-1; PIR-6";"Commission proposal; work of the RELEX working party; positions of FR, SK, HU";"ACTIVE";"Panel. From P-023. State: no formal Commission proposal; package ""not earlier than end of X"" (G3-039)."
Q-0020;2026-09-23;01;"PANEL";"FIN";"Russia";"RATES_RU";"Will the Bank of Russia cut its key rate at the meeting scheduled for 23.10.2026?";"YES if after the Bank of Russia board meeting on 23.10.2026 (or a rescheduled one, no later than 31.10.2026) the key rate is lower than 14.00%.";"cbr.ru";2026-10-23;0.10;"NONE";"PIR-1; PIR-6";"inflation in Russia; draft 2027 budget; rouble exchange rate";"ACTIVE";"Panel. New (K3-06). State: 14.00% — pause on 11.09 after 10 cuts (G3-021)."
Q-0021;2026-09-23;01;"PANEL";"TEC";"China";"CN_RARE_EARTHS";"Will the PRC announce by 10.11.2026 an extension or repeal of the suspension of the rare-earth export controls introduced on 09.10.2025?";"YES if after 23.09.2026 and no later than 10.11.2026 MOFCOM or GAC (or Xinhua quoting MOFCOM) announces an extension of the suspension of the controls of 09.10.2025 (MOFCOM announcements of 2025 nos. 55–58, 61, 62) for any period, or their permanent repeal. An extension of some of the announcements counts if it covers rare-earth controls.";"mofcom.gov.cn; exportcontrol.mofcom.gov.cn; Xinhua";2026-11-10;0.10;"COMPROMISE";"PIR-4";"outcome of the 24.09 summit; magnet exports (GAC)";"ACTIVE";"Panel. Merged P-001 and K-G2-06. | Edition 02 stage 01: MOFCOM 28.09.2026 confirmed the Kuala Lumpur arrangement extended to 10.01.2027 without naming the rare-earth announcements; no MOFCOM/GAC announcement extending the suspension of nos. 55-58, 61, 62 found by 07.10 - left ACTIVE."
Q-0022;2026-09-23;01;"PANEL";"TEC";"China";"CN_RARE_EARTHS";"Will the PRC announce by 27.11.2026 an extension or repeal of the suspension of the ban on exports of gallium, germanium, antimony and superhard materials to the USA?";"YES if after 23.09.2026 and no later than 27.11.2026 MOFCOM announces an extension of the suspension of this ban for any period or its permanent repeal.";"mofcom.gov.cn; Xinhua";2026-11-27;0.10;"COMPROMISE";"PIR-4";"outcome of the 24.09 summit; rare-earth decision before 10.11";"ACTIVE";"Panel. New (K-G2-07). State: suspension until 27.11.2026 (G2-034)."
Q-0023;2026-09-23;01;"PANEL";"TEC";"China–USA";"US_CHINA_TECH";"Will MOFCOM add at least one US entity to the export control list or the unreliable entity list between 24.09 and 31.12.2026?";"YES if a MOFCOM announcement published in this period contains a new listing of a US entity on the export control list (出口管制管控名单) or the unreliable entity list.";"mofcom.gov.cn; Xinhua";2026-12-31;0.10;"NONE";"PIR-4";"PRC reaction to H.R. 5334 and arms sales to Taiwan";"ACTIVE";"Panel. New (K3-14). State: last listing 22.06.2026 (G3-047)."
Q-0024;2026-09-23;01;"PANEL";"TEC";"China–USA";"US_CHINA_TECH";"Will the US government permit exports to the PRC of Nvidia AI chips with the Blackwell architecture or newer by 31.12.2026?";"YES if after 23.09.2026 the Department of Commerce (BIS) or the White House announces permission (a rule, licences or a licensing policy) for exports to the PRC of at least one Nvidia chip with the Blackwell architecture or newer (including a reduced-performance version), or Nvidia officially confirms receiving such permission.";"bis.gov; commerce.gov; whitehouse.gov; nvidianews.nvidia.com";2026-12-31;0.10;"CHINA";"PIR-4";"outcome of the 24.09 summit; AI Overwatch Act in Congress";"ACTIVE";"Panel. New. State: Blackwell subject to the ban, H200 permitted (G2-038). who_benefits CHINA: access to the newest chips strengthens PRC AI capabilities at the expense of the US advantage."
Q-0025;2026-09-23;01;"PANEL";"TEC";"China";"CN_RARE_EARTHS";"Will PRC exports of rare-earth permanent magnets to the USA in September 2026 exceed 512 t?";"YES if the first publication of PRC General Administration of Customs data for IX 2026 shows exports of rare-earth permanent magnets to the USA above 512 t (the value for VIII). Secondary sources citing GAC (SMM, Reuters, Bloomberg) are acceptable.";"stats.customs.gov.cn; news.metal.com; Reuters";2026-10-20;0.10;"NONE";"PIR-4";"MOFCOM decisions; outcome of the 24.09 summit";"ACTIVE";"Panel (rolling). New. State: VIII 512 t, −21% m/m (G2-035). Deadline = indicative GAC publication date."
Q-0026;2026-09-23;01;"PANEL";"DIP";"Ukraine";"UA_TALKS";"Will a trilateral meeting of government delegations of the USA, Ukraine and Russia take place by 30.11.2026?";"YES if after 23.09.2026 at least two of the three parties (the Kremlin, the Office of the President of Ukraine, the White House or State Department) officially confirm a meeting of government delegations of all three states in one place, at any level.";"kremlin.ru; president.gov.ua; state.gov; whitehouse.gov";2026-11-30;0.10;"NONE";"PIR-1; PIR-7";"statements by Ushakov and Peskov; offers from hosts (Abu Dhabi, Turkey)";"ACTIVE";"Panel. From P-005; who_benefits COMPROMISE changed to NONE (a meeting is not an agreement)."
Q-0027;2026-09-23;01;"PANEL";"DIP";"NATO";"EASTERN_FLANK";"Will any NATO state submit a request for consultations under Article 4 of the North Atlantic Treaty between 24.09 and 31.12.2026?";"YES if NATO or the government of a member state confirms that a request for consultations under Article 4 was submitted in this period.";"nato.int; governments of NATO states";2026-12-31;0.10;"NONE";"PIR-1; PIR-2";"incidents on the flank (drones, missiles, the Baltic)";"ACTIVE";"Panel. From P-014. State: no request in 2026 (G1-041)."
Q-0028;2026-09-23;01;"PANEL";"DIP";"USA–Iran";"HORMUZ";"Will the USA and Iran announce by 31.12.2026 the conclusion of an agreement (framework, interim or final) that includes the opening of the Strait of Hormuz?";"YES if after 23.09.2026 official sources of both governments (White House or State Department, and the president or Foreign Ministry of Iran) confirm the conclusion of an agreement, including a memorandum or interim agreement, whose announced content includes opening or restoring shipping through Hormuz. Declarations of readiness and frameworks for further talks without an agreed text do not count.";"whitehouse.gov; state.gov; president.ir; mfa.ir";2026-12-31;0.10;"COMPROMISE";"PIR-5; PIR-3";"date of the second round of talks; Iran's conditions (blockade, assets, Yemen)";"ACTIVE";"Panel. Replaces P-004 (a round of talks was confirmed by both sides on 22.09 — before the creation date)."
Q-0029;2026-09-23;01;"PANEL";"DIP";"China–USA";"US_CHINA_SUMMITS";"Will Donald Trump personally attend the APEC leaders' meeting in Shenzhen (18–19.11.2026)?";"YES if Trump is physically present at the APEC leaders' meeting in Shenzhen, as confirmed by the White House or at least two news agencies. Remote participation or a delegation without the president — NO. If the leaders' meeting does not take place by 30.11.2026 — NO.";"whitehouse.gov; AP; Reuters; Xinhua";2026-11-19;0.50;"NONE";"PIR-4";"outcome of the 24.09 summit; announcement of ""reciprocal visits within half a year""";"ACTIVE";"Panel. From P-021; who_benefits COMPROMISE changed to NONE (§3.6)."
Q-0030;2026-09-23;01;"PANEL";"DIP";"Russia–USA";"UA_TALKS";"Will Vladimir Putin and Donald Trump meet in person by 31.03.2027?";"YES if after 23.09.2026 Putin and Trump meet in person, as confirmed by the Kremlin and the White House.";"kremlin.ru; whitehouse.gov";2027-03-31;0.10;"NONE";"PIR-1; PIR-2";"progress of trilateral talks; Rubio–Lavrov talks";"ACTIVE";"Panel. New (K4-05, deadline extended)."
Q-0031;2026-09-23;01;"PANEL";"DOM";"USA";"US_ELECTIONS";"Will the Republican Party win at least 218 seats in the House of Representatives in the 03.11.2026 elections?";"YES if according to AP race calls or results certified by the Clerk of the House Republicans win at least 218 seats. If by 31.12.2026 no party has 218 called seats — resolve on the day AP announces control of the House.";"apnews.com; clerk.house.gov";2026-12-31;0.90;"NONE";"PIR-2; PIR-7";"generic ballot polling average; presidential approval";"ACTIVE";"Panel. From P-017. p_status_quo 0.90: YES = the current majority is retained. State: generic ballot D +7–8 (G4-035)."
Q-0032;2026-09-23;01;"PANEL";"DOM";"Iran";"IRAN_LEADERSHIP";"Will a new video or audio recording of Mojtaba Khamenei speaking be published by 31.12.2026?";"YES if after 23.09.2026 official Iranian media (IRIB, khamenei.ir, leader.ir) publish a video or audio recording of him speaking or appearing in public, and at least two independent international media consider it new and authentic. Written statements, photos and archive recordings do not count.";"IRIB; khamenei.ir; Reuters; AP; AFP";2026-12-31;0.10;"NONE";"PIR-5; PIR-7";"statements of the Supreme Leader's office";"ACTIVE";"Panel. Merged P-020 and K4-15. State: only written statements since 09.03.2026 (G4-012)."
Q-0033;2026-09-23;01;"PANEL";"DOM";"Brazil";"BRAZIL_ELECTIONS";"Will Luiz Inácio Lula da Silva win the 2026 presidential election in Brazil (first round 04.10 or second round 25.10)?";"YES if the Superior Electoral Court (TSE) declares Lula the winner of the 2026 presidential election in the first or second round.";"tse.jus.br";2026-10-31;0.90;"NONE";"PIR-7";"Datafolha and Quaest polls; first-round result";"ACTIVE";"Panel. New (K4-08). p_status_quo 0.90: YES = the incumbent president keeps office. State: second round Lula 46 vs F. Bolsonaro 44 (G4-033)."
Q-0034;2026-09-23;01;"PANEL";"DOM";"Venezuela";"VENEZUELA";"Will the CNE or the government of Venezuela announce a specific date for the presidential election by 31.03.2027?";"YES if after 23.09.2026 the CNE or the government of Venezuela publishes a schedule with a specific voting day for the presidential election.";"cne.gob.ve; EFE; Reuters";2027-03-31;0.10;"NONE";"PIR-7";"replacement of the TSJ and CNE; US position";"ACTIVE";"Panel. From P-024 — deadline extended (replacement of the TSJ since 18.09, CNE in progress — G4-041, G4-042)."
Q-0035;2026-09-23;01;"PANEL";"DOM";"Mali";"SAHEL";"Will Assimi Goïta cease to hold power in Mali by 31.03.2027 (coup, resignation, death or capture of Bamako by JNIM or the FLA)?";"YES if at least two independent international media confirm that after 23.09.2026 Goïta ceased to serve as transitional president or lost de facto control over Bamako.";"news agencies (AFP, Reuters, AP); Al Jazeera; ACLED";2027-03-31;0.10;"NONE";"PIR-7";"fuel blockade of Bamako; JNIM attacks in central Mali";"ACTIVE";"Panel. From P-025 — deadline extended; the junta leader named."
Q-0036;2026-09-23;01;"PANEL";"INF";"Persian Gulf";"HORMUZ";"Will the 7-day average number of transits through the Strait of Hormuz per IMF PortWatch exceed 40 ships per day on any day between 24.09 and 31.12.2026?";"YES if IMF PortWatch data (transit calls, Strait of Hormuz) show a 7-day average above 40 for any day in this period.";"portwatch.imf.org";2026-12-31;0.10;"NONE";"PIR-5; PIR-3";"daily PortWatch transits; US–Iran talks; blockade";"ACTIVE";"Panel. From P-003; who_benefits COMPROMISE changed to NONE. PortWatch relies on AIS and may not record escorted traffic without transponders (contradiction G1-001 vs G2-006) — the criterion remains PortWatch."
Q-0037;2026-09-23;01;"PANEL";"INF";"Persian Gulf";"HORMUZ";"Will IMF PortWatch record at least 20 transits through the Strait of Hormuz on any day between 24.09 and 07.10.2026?";"YES if the daily number of transits (transit calls) in IMF PortWatch data for the Strait of Hormuz is at least 20 on any day in this period.";"portwatch.imf.org";2026-10-07;0.10;"NONE";"PIR-5; PIR-3";"US–Iran talks; offer to open within 7 days";"ACTIVE";"Panel (rolling). New (K1 from G1). State: 1 transit on 20.09 (G1-001). PortWatch data are about a week behind — resolution after publication. AIS caveat as in Q-0036. | Edition 02 stage 01: not resolved - PortWatch daily data published to 04.10 only (max 5 transits/day 24.09-04.10); resolve after 05-07.10 are published."
Q-0038;2026-09-23;01;"PANEL";"INF";"Iran";"HORMUZ";"Will the USA officially lift or suspend the naval blockade of Iranian ports by 31.12.2026?";"YES if after 23.09.2026 the White House, the Pentagon or CENTCOM announces the lifting or suspension (including temporary) of the blockade of Iranian ports as a whole.";"whitehouse.gov; defense.gov; centcom.mil";2026-12-31;0.10;"NONE";"PIR-5";"US–Iran talks; Iran's condition no. 1 (G4-003)";"ACTIVE";"Panel. New (K3 from G1). State: blockade since 14.07; 109 ships turned back by 20.09 (G1-006)."
Q-0039;2026-09-23;01;"PANEL";"INF";"Panama";"PANAMA";"Will the Panama Canal Authority raise the daily transit limit above 32 by 31.10.2026?";"YES if an ACP statement (advisory to shipping) announces a limit higher than 32 transits per day, in force on any day by 31.10.2026.";"pancanal.com";2026-10-31;0.10;"NONE";"PIR-3";"Gatún Lake level; rainfall";"ACTIVE";"Panel. New (K13 from G1). State: 32/day since 15.09 (G1-058). | Edition 02 stage 01: ACP advisory of 28.09.2026 announces 33 daily slots from 15.10.2026; resolve once in force (not resolved before the state date)."
Q-0040;2026-09-23;01;"PANEL";"INF";"Baltic";"BALTIC_INFRA";"Will the government or prosecutor of a Baltic Sea state announce by 31.03.2027 damage to a subsea cable or pipeline in the Baltic together with proceedings concerning external action?";"YES if after 23.09.2026 the government or prosecutor of PL, DE, DK, SE, FI, EE, LV or LT announces damage to a subsea cable (power or telecommunications) or pipeline in the Baltic Sea and the opening of an investigation or the detention of a ship on suspicion of external action (sabotage, dragged anchor). Technical failures without such proceedings do not count.";"statements of governments and prosecutors of Baltic Sea states; Reuters";2027-03-31;0.10;"NONE";"PIR-1; PIR-3";"shadow fleet movements; anchor incidents; NATO patrols";"ACTIVE";"Panel. New (INF gap from 00: cable incidents in 2026 not collected)."
Q-0041;2026-09-23;01;"OPEN";"MIL";"Iran";"IRAN_WAR";"Will CENTCOM or the Pentagon announce a US strike on a target on Iranian land territory between 24.09 and 07.10.2026?";"YES if an official statement by CENTCOM, the Pentagon or the White House confirms a US strike (air, missile, drone) on a target on land in Iran carried out in this period. Strikes on vessels and in Yemen or Iraq do not count.";"centcom.mil; defense.gov; Reuters/AP as second source";2026-10-07;0.10;"NONE";"PIR-5";"CENTCOM statements; breakdown of talks";"RESOLVED";"Open. New (K2 from G1). State: 15 periods without strikes (G1-005). | Edition 02 stage 01: resolved NO (2026-10-07); VERIFY pending user approval."
Q-0042;2026-09-23;01;"OPEN";"DIP";"USA–Iran";"HORMUZ";"Will another round of talks between representatives of the US and Iranian governments (direct or indirect) take place between 24.09 and 07.10.2026?";"YES if at least two independent sources, including a statement by one of the parties or a mediator (Qatar, Pakistan, Oman), confirm a meeting of US and Iranian government delegations starting on 24.09.2026 or later, in one place — directly or with a mediator shuttling between delegations. Phone calls and exchanges of letters do not count.";"state.gov; mfa.ir; mofa.gov.qa; Reuters; AP";2026-10-07;0.10;"NONE";"PIR-5";"Trump's announcement ""in the very near future"" (G4-005)";"RESOLVED";"Open. New (K4-01). Replaces P-004 in the short horizon. | Edition 02 stage 01: resolved NO (2026-10-07); VERIFY pending user approval."
Q-0043;2026-09-23;01;"OPEN";"MIL";"Saudi Arabia";"BAB_EL_MANDAB";"Will Saudi Arabia confirm a missile or drone attack from Yemen aimed at Riyadh between 24.09 and 07.10.2026?";"YES if the Saudi-led coalition, the Saudi Ministry of Defence or SPA confirms in this period an attack (interception or hit) by a missile or drone from Yemen aimed at Riyadh.";"spa.gov.sa; coalition statements; Al Jazeera; Reuters";2026-10-07;0.10;"NONE";"PIR-5; PIR-3";"Houthi offensive in Yemen; Saudi interceptor stocks";"RESOLVED";"Open. New (K4 from G1). State: attack on 19.09 (G1-015), 21–22.09 no confirmed launch (G1-019). | Edition 02 stage 01: resolved YES (2026-09-26)."
Q-0044;2026-09-23;01;"OPEN";"MIL";"Poland";"US_EUROPE";"Will the US or Polish government officially announce by 07.10.2026 the location of a new permanent US Army base in Poland?";"YES if after 23.09.2026 the White House, the Pentagon, the Polish Ministry of National Defence or the Chancellery of the President of Poland names the town or garrison of the planned base.";"whitehouse.gov; defense.gov; gov.pl/web/obrona-narodowa; prezydent.pl";2026-10-07;0.10;"NONE";"PIR-2";"Trump's announcement ""very soon"" (G1-025)";"RESOLVED";"Open. New (K6 from G1). Replaces P-019 (the criterion of arrival of additional soldiers is unverifiable — no public record of troop strength). | Edition 02 stage 01: resolved NO (2026-10-07)."
Q-0045;2026-09-23;01;"OPEN";"MIL";"Poland";"EASTERN_FLANK";"Will the Polish Operational Command (DO RSZ) or the Ministry of National Defence confirm a violation of Polish airspace by an object from the direction of Russia or Belarus between 24.09 and 07.10.2026?";"YES if a statement of DO RSZ or the Ministry of National Defence confirms the entry of a drone, missile or aircraft from the direction of Russia or Belarus into Polish airspace in this period. Smuggling balloons and interceptions over international waters do not count.";"DO RSZ (X, web); gov.pl/web/obrona-narodowa";2026-10-07;0.10;"NONE";"PIR-1";"Russian attacks on western Ukraine; interceptions over the Baltic";"RESOLVED";"Open. New. State: on 22.09 interception of an Il-20 over international waters (G1-033) — no violation of Polish airspace. | Edition 02 stage 01: resolved NO (2026-10-07)."
Q-0046;2026-09-23;01;"OPEN";"MIL";"Korean Peninsula";"KOREA";"Will the DPRK launch a ballistic missile between 24.09 and 07.10.2026?";"YES if the South Korean Joint Chiefs of Staff or the Japanese Ministry of Defense confirms a DPRK ballistic missile launch in this period.";"JCS (via Yonhap); mod.go.jp";2026-10-07;0.10;"NONE";"PIR-4";"US–ROK exercises; launches on 12.09 and 20.09 (G1-057)";"RESOLVED";"Open. New. | Edition 02 stage 01: resolved YES (2026-10-03)."
Q-0047;2026-09-23;01;"OPEN";"MIL";"Taiwan";"TAIWAN";"Will Taiwan's Ministry of National Defense report at least 20 PLA aircraft around Taiwan in a daily report between 24.09 and 07.10.2026?";"YES if any daily report of Taiwan's Ministry of National Defense in this period gives at least 20 PLA aircraft. Balloons and ships do not count.";"mnd.gov.tw";2026-10-07;0.50;"NONE";"PIR-4";"outcome of the 24.09 summit; arms package for Taiwan";"RESOLVED";"Open. New. p_status_quo 0.50: no daily data for 15–23.09 (G1 §10 item 9), the current state cannot be determined. | Edition 02 stage 01: resolved YES (2026-10-01)."
Q-0048;2026-09-23;01;"OPEN";"ENE";"EU";"EU_ENERGY";"Will the settlement price of the TTF front-month contract on 06.10.2026 exceed 75.00 EUR/MWh?";"YES if the settlement price of nearest-month ICE Endex TTF on 06.10.2026 > 75.00 EUR/MWh. Sources: ICE Endex or Trading Economics, Reuters; in case of discrepancy ICE Endex decides.";"ice.com (Endex); Trading Economics; Reuters";2026-10-06;0.10;"NONE";"PIR-3";"signals from Iran; weather; injection";"RESOLVED";"Open. New (K-G2-05 in short form). State: 71–74 EUR/MWh (22.09, G2-015). | Edition 02 stage 01: resolved YES (2026-10-06); VERIFY pending user approval."
Q-0049;2026-09-23;01;"OPEN";"ENE";"EU";"EU_ENERGY";"Will EU gas storage fill per GIE AGSI+ on gas day 06.10.2026 exceed 73.0%?";"YES if the EU storage fill value in AGSI+ for gas day 06.10.2026 > 73.0. The first publication for that day counts.";"agsi.gie.eu";2026-10-06;0.10;"NONE";"PIR-3";"injection rate (2790 GWh/d 7-day, G2-017)";"ACTIVE";"Open. New (K-G2-04). State: 70.3% (22.09). | Edition 02 stage 01: not resolved - AGSI+ value for gas day 06.10 not accessible (API key required); secondary trackers: 72.83% on gas day 05.10, about 73.0-73.1% around 06-07.10, i.e. at the threshold; read AGSI+ directly."
Q-0050;2026-09-23;01;"OPEN";"ENE";"Poland";"PL_FUELS";"Will the national average price of diesel in the e-petrol weekly quotation of 07.10.2026 exceed 9.00 PLN/l?";"YES if the average diesel price in the e-petrol weekly quotation published on 07.10.2026 > 9.00 PLN/l. No quotation on that date — the nearest earlier e-petrol weekly quotation; e-petrol unavailable — the BM Reflex weekly average for that week.";"e-petrol.pl; reflex.com.pl";2026-10-07;0.10;"NONE";"PIR-3";"Orlen wholesale prices; Brent; diesel margins";"RESOLVED";"Open. New (K-G2-12). State: 8.89 PLN/l (16.09, G2-024). | Edition 02 stage 01: resolved NO (2026-10-07)."
Q-0051;2026-09-23;01;"OPEN";"ENE";"Global";"OPEC";"Will the OPEC+ states with voluntary cuts announce at the 04.10.2026 meeting an increase in required production for November 2026?";"YES if the OPEC statement after the meeting of the group of states with voluntary cuts (04.10.2026 or the nearest by 07.10.2026) shows a combined increase in participants' required production for XI relative to X (more than 0 b/d).";"opec.org (press releases); spa.gov.sa";2026-10-07;0.10;"NONE";"PIR-3";"Brent; transits through Hormuz; Novak's position";"RESOLVED";"Open. New (K-G2-08). State: X production held at the IX level (G2-011). | Edition 02 stage 01: resolved NO (2026-10-07)."
Q-0052;2026-09-23;01;"OPEN";"FIN";"Poland";"PLN";"Will the NBP average EUR/PLN rate of 07.10.2026 be higher than 4.3500?";"YES if the average euro rate in NBP table A of 07.10.2026 > 4.3500. No table on that day — the nearest earlier table A.";"api.nbp.pl; nbp.pl";2026-10-07;0.10;"NONE";"PIR-6";"MPC decision 07.10; risk aversion; NBP–ECB rate differential";"RESOLVED";"Open. New (K3-10). State: 4.3463 (22.09, G3-029). | Edition 02 stage 01: resolved YES (2026-10-07)."
Q-0053;2026-09-23;01;"OPEN";"FIN";"Russia";"RU_FINANCE";"Does the draft Russian federal budget law for 2027 submitted to the Duma by 07.10.2026 provide for a deficit of at least 2.0% of GDP?";"YES if the draft submitted to the Duma by 07.10.2026 provides for a 2027 federal budget deficit of at least 2.0% of GDP according to the explanatory note or a MinFin statement (value to the precision given by MinFin; if only an amount is given — convert using GDP from the draft). NO if the deficit is below 2.0% or the draft is not submitted by 07.10.2026.";"sozd.duma.gov.ru; minfin.gov.ru";2026-10-07;0.50;"NONE";"PIR-1; PIR-6";"government meeting 24.09; defence spending";"RESOLVED";"Open. Reworded from P-026: the threshold sits at the announced value (""approx. 2% of GDP"", G3-019), hence p_status_quo 0.50; deadline shortened — submission expected around 29.09–01.10 (G3 §3). | Edition 02 stage 01: resolved YES (2026-09-30); VERIFY pending user approval."
Q-0054;2026-09-23;01;"OPEN";"DOM";"Russia";"RU_DOMESTIC";"Will A Just Russia obtain at least 5.00% of the vote in the final results of the Duma elections announced by the Central Election Commission?";"YES if in the official CEC results (protocol on the election results) A Just Russia has at least 5.00% of the vote and receives seats from the federal lists.";"cikrf.ru; Vedomosti; TASS";2026-09-30;0.50;"NONE";"PIR-7";"final CEC results (approx. 25.09)";"RESOLVED";"Open. New (K4-11). p_status_quo 0.50: preliminary result exactly at the threshold (5.00% with 96.95% of protocols; 4.96% with 95.39%, G4-028). | Edition 02 stage 01: resolved YES (2026-09-25)."
Q-0055;2026-09-23;01;"OPEN";"DOM";"Latvia";"LATVIA_ELECTIONS";"Will the United List (Apvienotais saraksts) win the most seats in the elections to the Latvian Saeima on 03.10.2026?";"YES if according to CVK results the United List has the largest number of seats in the 15th Saeima. A tie for first place — NO.";"cvk.lv";2026-10-10;0.50;"NONE";"PIR-7";"SKDS polls; turnout";"RESOLVED";"Open. New (K4-09). p_status_quo 0.50: a question about the composition of the new Saeima — the current state cannot be carried over. State: SKDS VIII — AS 15.2%, first place (G4-032); no poll from IX. | Edition 02 stage 01: resolved YES (2026-10-05)."
Q-0056;2026-09-23;01;"OPEN";"DOM";"Brazil";"BRAZIL_ELECTIONS";"Will Lula da Silva win more than 50% of valid votes in the first round of the presidential election on 04.10.2026?";"YES if according to TSE results Lula obtains more than 50% of valid votes in the first round.";"tse.jus.br";2026-10-05;0.50;"NONE";"PIR-7";"first-round polls (Lula 39%, G4-033)";"RESOLVED";"Open. New (K4-07). p_status_quo 0.50: no state that could persist. | Edition 02 stage 01: resolved NO (2026-10-05)."
Q-0057;2026-09-23;01;"OPEN";"ECO";"China–USA";"US_CHINA_TRADE";"Will the USA publish between 24.09 and 07.10.2026 an overcapacity report recommending tariffs on the PRC, or announce a new tariff rate on PRC goods?";"YES if in this period USTR or the White House publishes an overcapacity report recommending tariffs on PRC goods, or announces (act or proclamation) a new or increased tariff rate on PRC goods.";"ustr.gov; whitehouse.gov; federalregister.gov";2026-10-07;0.10;"NONE";"PIR-4";"outcome of the 24.09 summit";"RESOLVED";"Open. New (K3-04). State: publication postponed until after the summit (G3-012). | Edition 02 stage 01: resolved NO (2026-10-07)."
Q-0058;2026-09-23;01;"OPEN";"ECO";"China–USA";"US_CHINA_TRADE";"Will the governments of the USA and the PRC both announce by 07.10.2026 an extension of the trade (tariff) truce or a new trade agreement?";"YES if after 23.09.2026 and no later than 07.10.2026 official sources of both governments (White House, USTR or Treasury, and MOFCOM or Xinhua quoting the PRC government) announce an extension of the truce expiring on 10.11.2026 or an agreement replacing it.";"whitehouse.gov; ustr.gov; mofcom.gov.cn; Xinhua";2026-10-07;0.10;"COMPROMISE";"PIR-4";"statements after the 24.09 summit";"RESOLVED";"Open. Short version of Q-0011 (test of the 24.09 summit); same cluster. | Edition 02 stage 01: resolved YES (2026-09-28); VERIFY pending user approval."
Q-0059;2026-09-23;01;"OPEN";"DIP";"Ukraine–Russia";"UA_TALKS";"Will Russia and Ukraine both officially confirm by 07.10.2026 an agreement in force on a mutual halt to strikes on energy infrastructure?";"YES if after 23.09.2026 the Kremlin or the Russian Foreign Ministry and the Office of the President or the Foreign Ministry of Ukraine publicly confirm that an agreed mutual halt to strikes on energy is in force (with a start date). Declarations of readiness and claims by third parties (e.g. the USA) do not count.";"kremlin.ru; mid.ru; president.gov.ua; mfa.gov.ua";2026-10-07;0.10;"COMPROMISE";"PIR-1; PIR-3";"Rubio–Lavrov talks; strikes on refineries and the power grid";"RESOLVED";"Open. New (K4-04, deadline shortened). Disputed claim by Trump of an agreement (G4-020). | Edition 02 stage 01: resolved NO (2026-10-07)."
Q-0060;2026-09-23;01;"OPEN";"FIN";"China–USA–Iran";"CN_SECONDARY_SANCTIONS";"Will OFAC add to the SDN list an entity from the PRC or Hong Kong in connection with Iran between 24.09 and 07.10.2026?";"YES if an OFAC notice (Recent Actions) from this period adds to the SDN list at least one entity (company, person or vessel) based or registered in the PRC or Hong Kong, with an Iran-related justification.";"ofac.treasury.gov/recent-actions";2026-10-07;0.10;"NONE";"PIR-4; PIR-5";"outcome of the 24.09 summit; Operation Economic Outcast";"RESOLVED";"Open. New. State: OFAC with no new actions since 19.09 (G3-042). | Edition 02 stage 01: resolved YES (2026-09-29)."
Q-0061;2026-09-23;01;"OPEN";"FIN";"Russia";"RU_SANCTIONS_US";"Will OFAC add a new entity to the SDN list in connection with Russia between 24.09 and 07.10.2026?";"YES if an OFAC notice (Recent Actions) from this period adds to the SDN list at least one new entity with a Russia-related justification (the RUSSIA-EO14024 programme or a programme established under H.R. 5334). Delistings and licence changes do not count.";"ofac.treasury.gov/recent-actions";2026-10-07;0.10;"NONE";"PIR-1; PIR-6";"30-day deadline under H.R. 5334 (approx. 18.10); Rubio–Lavrov talks";"RESOLVED";"Open. New. State: in IX only delistings (16.09) and a licence change (18.09) in the Russia programme (G3-042). | Edition 02 stage 01: resolved NO (2026-10-07)."
Q-0062;2026-09-23;01;"OPEN";"INF";"Red Sea";"BAB_EL_MANDAB";"Will UKMTO or JMIC report an attack on a merchant ship in the Red Sea, Bab el-Mandeb or the Gulf of Aden between 24.09 and 07.10.2026?";"YES if UKMTO or JMIC publishes a notice of an attack (hit or attempted hit by missile, drone, boat, or boarding) on a merchant ship in these waters in this period. Suspicious approaches without an attack do not count.";"ukmto.org; JMIC (via UKMTO); Reuters";2026-10-07;0.10;"NONE";"PIR-5; PIR-3";"Houthi offensive; blockade of Saudi ports";"RESOLVED";"Open. New. Gap: no data on Houthi attacks on ships in IX 2026 (G1). | Edition 02 stage 01: resolved YES (2026-10-04); VERIFY pending user approval."
Q-0063;2026-09-23;01;"OPEN";"INF";"Persian Gulf";"HORMUZ";"Will UKMTO or JMIC confirm a hit on a merchant ship in the Persian Gulf, the Strait of Hormuz or the Gulf of Oman between 24.09 and 07.10.2026?";"YES if UKMTO or JMIC confirms in this period a hit on a merchant ship by a missile, drone or mine in these waters, regardless of the perpetrator.";"ukmto.org; JMIC (via UKMTO); Reuters";2026-10-07;0.10;"NONE";"PIR-5";"US–Iran talks; IRGC position";"RESOLVED";"Open. New. State: on 21.09 two tankers hit, perpetrator unknown (G1-004). | Edition 02 stage 01: resolved YES (2026-10-01); VERIFY pending user approval."
Q-0064;2026-09-23;01;"OPEN";"DIP";"USA–Ukraine";"UA_USA";"Will the USA and Ukraine sign an intergovernmental drone agreement by 07.10.2026?";"YES if after 23.09.2026 an official source of the US or Ukrainian government confirms the signing of an intergovernmental agreement on drones (purchase, supplies or co-production).";"president.gov.ua; whitehouse.gov; defense.gov";2026-10-07;0.10;"UKRAINE";"PIR-1; PIR-2";"Trump–Zelensky talks 22.09";"RESOLVED";"Open. New. State: Zelensky on 21.09 — agreement ""ready for signing"" (G4-018). who_benefits UKRAINE: the agreement strengthens Ukraine's capabilities against Russia. | Edition 02 stage 01: resolved NO (2026-10-07)."
Q-0065;2026-09-23;01;"OPEN";"MIL";"Iran";"IRAN_WAR";"Will CENTCOM or the Pentagon announce a US strike on a target on Iranian land territory by 31.12.2026?";"YES if after 23.09.2026 an official statement by CENTCOM, the Pentagon or the White House confirms a US strike on a target on land in Iran. Strikes on vessels and in Yemen or Iraq do not count.";"centcom.mil; defense.gov; Reuters/AP as second source";2026-12-31;0.10;"NONE";"PIR-5";"CENTCOM statements; fate of the US–Iran talks";"ACTIVE";"Open. New (K2 from G1, deadline extended). Short version: Q-0041."
Q-0066;2026-09-23;01;"OPEN";"FIN";"USA";"RATES_FED";"Will the FOMC raise the target range for the federal funds rate at the 27–28.10.2026 meeting?";"YES if after the FOMC meeting on 27–28.10.2026 the upper bound of the target range is higher than 4.00%.";"federalreserve.gov";2026-10-28;0.10;"NONE";"PIR-6";"PCE and CPI inflation; energy prices";"ACTIVE";"Open. New (K3-07). State: 3.75–4.00% after the hike on 16.09 (G3-024)."
Q-0067;2026-09-23;01;"OPEN";"ENE";"EU";"EU_ENERGY";"Will EU gas storage fill per GIE AGSI+ on gas day 01.11.2026 be at least 80.0%?";"YES if the EU storage fill value in AGSI+ for gas day 01.11.2026 ≥ 80.0. The first publication for that day counts.";"agsi.gie.eu";2026-11-01;0.10;"NONE";"PIR-3";"injection rate; TTF; LNG";"ACTIVE";"Open. New (K-G2-03). EU target relaxed to 80%, projection approx. 78.2% (G2-018)."
Q-0068;2026-09-23;01;"OPEN";"MIL";"Yemen";"BAB_EL_MANDAB";"Will US forces carry out a strike on Houthi targets in Yemen by 31.12.2026?";"YES if after 23.09.2026 CENTCOM, the Pentagon or the White House confirms a US strike on Houthi targets in Yemen.";"centcom.mil; defense.gov; Reuters/AP";2026-12-31;0.10;"NONE";"PIR-5; PIR-2";"Houthi attacks on Saudi Arabia; Iran's Yemen condition";"ACTIVE";"Open. New (K5 from G1). State: Trump refused strikes despite a request from the Saudi crown prince (G1-018)."
Q-0069;2026-09-23;01;"OPEN";"MIL";"Taiwan";"TAIWAN";"Will the DSCA notify Congress by 31.12.2026 of arms sales to Taiwan with a combined value of at least 1 bn USD?";"YES if the sum of DSCA notifications for TECRO published after 23.09.2026 is at least 1 bn USD.";"dsca.mil (Major Arms Sales)";2026-12-31;0.10;"US_WEST";"PIR-4";"outcome of the 24.09 summit; APEC 18–19.11; G20 XII";"ACTIVE";"Open. From P-007 (moved out of the panel). State: 14 bn USD package on hold since 23.05."
Q-0070;2026-09-23;01;"OPEN";"FIN";"Poland";"PL_FINANCE";"Will Fitch or S&P downgrade Poland's long-term foreign-currency rating by 31.03.2027?";"YES if after 23.09.2026 Fitch or S&P downgrades Poland's long-term foreign-currency rating below A−.";"fitchratings.com; spglobal.com/ratings";2027-03-31;0.10;"NONE";"PIR-6";"general government deficit approx. 7% of GDP; 2027 budget";"ACTIVE";"Open. New (K3-11, deadline extended). State: Fitch A− (negative outlook), S&P A− (stable) (G3-030)."
Q-0071;2026-09-23;01;"OPEN";"FIN";"EU–Russia";"UA_FUNDING";"Will the EU Council adopt by 30.06.2027 a legal act allowing the frozen assets of the Bank of Russia themselves (not only windfall profits) to be used for Ukraine?";"YES if after 23.09.2026 the EU Council adopts a regulation or decision (published in EUR-Lex) allowing the frozen assets of the Bank of Russia or their equivalent to be used for Ukraine, including through a loan secured by those assets. Political conclusions of the European Council do not count.";"consilium.europa.eu; eur-lex.europa.eu";2027-06-30;0.10;"UKRAINE";"PIR-1; PIR-6";"Ukraine's 2027 funding gap; position of Belgium and Euroclear";"ACTIVE";"Open. New (K3-13, deadline extended). State: ""a concept, not a plan"" (G3-040). who_benefits UKRAINE: YES transfers Russian resources to Ukraine."
Q-0072;2026-09-23;01;"OPEN";"DIP";"Caucasus";"CAUCASUS";"Will Armenia and Azerbaijan sign a peace treaty by 30.06.2027?";"YES if after 23.09.2026 the leaders or foreign ministers of both states sign the text of a peace treaty (initialling does not count), as confirmed by both governments.";"president.az; primeminister.am; mfa.am; mfa.gov.az";2027-06-30;0.10;"COMPROMISE";"PIR-7";"constitutional referendum in Armenia (2027); TRIPP";"ACTIVE";"Open. New (K4-14, deadline extended). State: treaty initialled on 08.08.2025, not signed (G4-049)."
Q-0073;2026-09-23;01;"OPEN";"MIL";"Ukraine";"UA_FRONT";"Will ISW assess by 30.06.2027 that Russian forces have taken control of the whole of Kramatorsk or the whole of Sloviansk?";"YES if after 23.09.2026 an ISW report states Russian control over the whole of Kramatorsk or the whole of Sloviansk.";"understandingwar.org";2027-06-30;0.10;"RUSSIA";"PIR-1";"ISW and DeepState maps; Dobropillia–Kramatorsk road";"ACTIVE";"Open. From P-022 — moved out of the panel, deadline extended to 30.06.2027."
