question_id;version;resolution_date;outcome;evidence_url;evidence_publisher;second_source_url;resolution_confidence;verify;user_approved;notes
Q-0006;1;2026-10-06;1;"https://www.investing.com/commodities/brent-oil-historical-data";"Investing.com (historical data, LCOZ6, accessed 08.10.2026)";"https://rigzone.com/news/wire/oil_dips_as_middle_east_flows_recover-07-oct-2026-184796-article";"medium";"Y";"";"Front month on 06.10 = December 2026 contract (November expired 30.09). Close 06.10: 100.58 USD (Investing.com). Bloomberg via Rigzone 07.10: December Brent fell 0.4% to settle at 100.20 on 07.10, which implies about 100.6 on 06.10. ICE settlement report not accessed. Margin above the 100.00 threshold about 0.6 USD. VERIFY: ambiguous (near threshold, no ICE source)."
Q-0011;1;2026-09-28;1;"https://www.news.cn/world/20260928/218d41a6ec924cf88bf3085936ef0c91/c.html";"Xinhua (MOFCOM Department of American and Oceanian Affairs, 28.09.2026)";"https://www.nbcnews.com/business/economy/us-china-extend-trade-truce-trump-rcna599525";"low";"Y";"";"PRC: MOFCOM on 28.09.2026 confirmed the Kuala Lumpur joint arrangement extended to 10.01.2027. US: Treasury Secretary Bessent announced the extension to 10.01 on Fox News on 23.09.2026 (NBC 23.09, 18:20 EDT); the White House fact sheet of 25.09 does not mention it; no Federal Register act found by 07.10. VERIFY: disputed - the criterion says after 23.09.2026; reading 1 (YES, 28.09): the joint announcement by both governments was completed on 28.09; reading 2 (not yet): the US announcement fell on 23.09, so a later US official announcement is still needed by 10.11."
Q-0013;1;2026-09-30;1;"https://publikacje.new.stat.gov.pl/en/publications-portal/flash-estimate-consumer-price-index-september-2026";"Statistics Poland (GUS), 30.09.2026";"https://www.rp.pl/dane-gospodarcze/art45213841-duzy-wzrost-inflacji-w-polsce-sa-nowe-dane-gus-tak-zle-nie-bylo-od-dawna";"high";"N";"";"GUS flash estimate for IX 2026: CPI 4.0% y/y (0.7% m/m); threshold 3.5%."
Q-0014;1;2026-10-02;1;"https://www.fao.org/worldfoodsituation/foodpricesindex/en/";"FAO, release 02.10.2026";"https://www.forbes.com/sites/conormurray/2026/10/02/global-food-prices-approach-four-year-high-un-says/";"high";"Y";"";"FFPI September 2026: 136.0 points (first publication); threshold 133.3. VERIFY: random 20% sample (seed 2)."
Q-0041;1;2026-10-07;0;"https://en.wikipedia.org/wiki/September_2026_United_States_strikes_on_Iran";"Wikipedia (compilation; last dated US land strike in Iran 01.09.2026)";"https://washingtontimes.com/news/2026/oct/4/iranian-leaders-focus-diplomatic-talks-us-adds-military-muscle";"medium";"Y";"";"No CENTCOM/Pentagon/White House statement of a US strike on Iranian land territory 24.09-07.10 found; last land strikes 30.08 (Larak) and 01.09; 08.09 strikes hit tankers. Reports of 03-04.10 describe military options for after the US elections. centcom.mil returned HTTP 403, so the release list was not read directly. VERIFY: random 20% sample (seed 2)."
Q-0042;1;2026-10-07;0;"https://www.aljazeera.com/news/2026/9/29/irans-araghchi-meets-qatari-mediators-as-us-insists-on-nuclear-talks";"Al Jazeera, 29.09.2026";"https://www.iranintl.com/en/202609283428";"medium";"Y";"";"Last meeting of delegations: 22.09 at the UN (before the window). 28.09 in New York: Araghchi met Qatari mediators only; mediators held separate talks with each side; a US official called the indirect talks positive. 30.09-06.10: replies passed through Qatar (Qatar MFA 06.10: messages relayed). VERIFY: disputed - reading 1 (NO): no meeting of both delegations in one place, only separate meetings and message exchange; reading 2 (YES): the 28-29.09 New York contacts were a mediated round with the mediator shuttling."
Q-0043;1;2026-09-26;1;"https://www.globalsecurity.org/wmd/library/news/saudi/2026/saudi-260926-spa03.htm";"Saudi Press Agency via GlobalSecurity, 26.09.2026";"https://www.timesofisrael.com/saudi-coalition-says-intercepted-houthi-drones-headed-for-riyadh";"high";"N";"";"Coalition spokesman al-Maliki (SPA, 26.09): two drones launched toward the Riyadh region intercepted. Also 07.10: ballistic missile intercepted north of Riyadh (coalition via dpa)."
Q-0044;1;2026-10-07;0;"https://tvn24.pl/swiat/donald-trump-zapytany-o-stala-baze-wojsk-usa-w-polsce-tak-odpowiedzial-st9271157";"TVN24, 05.10.2026";"https://defence24.pl/polityka-obronna/stala-baza-usa-w-polsce-pozostaly-kwestie-techniczne";"high";"N";"";"No town or garrison named by the White House, Pentagon, MON or the President's Chancellery by 07.10; Trump 05.10: a base 'could happen'; deputy defence minister: western Poland, decision not expected before December."
Q-0045;1;2026-10-07;0;"https://portalobronny.se.pl/aktualnosci/dorsz-zakonczylo-operowanie-lotnictwa-wojskowego-polska-przestrzen-powietrzna-nie-zostala-naruszona-aa-dTA5-RBmQ-Qsae.html";"Portal Obronny (DO RSZ statement, 07.10.2026)";"https://defence24.pl/polityka-obronna/rosyjski-smiglowiec-naruszyl-polska-przestrzen-powietrzna";"medium";"N";"";"The Mi-8 incursion near Braniewo was on 23.09.2026, one day before the window. No DO RSZ or MON confirmation of an incursion from Russia or Belarus 24.09-07.10 found; DO RSZ 07.10: no violation during Russian strikes on Ukraine. German (05.10) and Turkish (07.10) aircraft entries are not from RU/BY."
Q-0046;1;2026-10-03;1;"https://www.bloomberg.com/news/articles/2026-10-03/north-korea-fires-ballistic-missile-toward-east-coast-jcs-says";"Bloomberg (citing South Korean JCS), 03.10.2026";"https://www.koreaherald.com/article/10892386";"high";"N";"";"JCS: ballistic missile fired from the Wonsan area about 06:30 local time on 03.10.2026, flight over 700 km."
Q-0047;1;2026-10-01;1;"https://air.mnd.gov.tw/EN/News/News_Detail.aspx?CID=214&ID=59273";"Taiwan MND (Air Force Command), report of 01.10.2026";"https://thedefensewatch.com/aerospace-aviation/taiwan-first-f16-block-70-fighters/";"high";"N";"";"MND daily report 01.10.2026: 23 sorties of PLA aircraft (16 entered the ADIZ). Other reports 25.09-07.10: 2-14 sorties."
Q-0048;1;2026-10-06;1;"https://www.investing.com/commodities/dutch-ttf-gas-c1-futures-historical-data";"Investing.com (Dutch TTF front month, historical data, accessed 08.10.2026)";"https://tradingeconomics.com/commodity/eu-natural-gas";"medium";"Y";"";"Front month on 06.10 = November 2026. Close 06.10: 75.485 EUR/MWh (Investing.com); Trading Economics previous close 75.69; ADVFN 06.10 report 75.74 (intraday). ICE Endex settlement not accessed; threshold 75.00. VERIFY: ambiguous (near threshold, no ICE Endex source)."
Q-0050;1;2026-10-07;0;"https://www.e-petrol.pl/notowania/rynek-krajowy/ceny-stacje-paliw";"e-petrol.pl, quotation of 07.10.2026";"https://gazetaolsztynska.pl/artykul/paliwo-wyraznie-tansze-n2523670";"high";"N";"";"e-petrol weekly average diesel 07.10.2026: 7.78 PLN/l (30.09: 9.14) after the VAT and excise cut; threshold 9.00."
Q-0051;1;2026-10-07;0;"https://www.cnbc.com/2026/10/04/opec-agrees-to-keep-november-oil-output-targets-steady.html";"CNBC, 04.10.2026";"https://www.thenationalnews.com/business/energy/2026/10/04/opec-keeps-oil-output-targets-unchanged-for-november/";"high";"N";"";"Meeting of the seven countries on 04.10.2026: November required production unchanged (same as September/October); no increase. opec.org press page not reachable (HTTP 402)."
Q-0052;1;2026-10-07;1;"https://api.nbp.pl/api/exchangerates/rates/a/eur/2026-10-01/2026-10-07/?format=json";"NBP, table A 195/A/NBP/2026 of 07.10.2026";"https://nbp.pl/en/statistic-and-financial-reporting/rates/table-a/";"high";"N";"";"EUR/PLN average rate 07.10.2026: 4.3797; threshold 4.3500. Also harvested (02_harvest/indicators.md)."
Q-0053;1;2026-09-30;1;"https://www.kommersant.ru/doc/8991082";"Kommersant, 01.10.2026";"https://www.vedomosti.ru/economics/news/2026/09/24/1231566-defitsit-federalnogo-byudzheta";"high";"Y";"";"Draft 2027-2029 budget submitted to the Duma on the evening of 30.09.2026; 2027 deficit 5.44 trn RUB = 2.2% of GDP (MinFin presentation); threshold 2.0%. VERIFY: random 20% sample (seed 2)."
Q-0054;1;2026-09-25;1;"https://www.garant.ru/products/ipo/prime/doc/414878976/";"CEC resolution no. 53/356-9 of 25.09.2026 (via Garant)";"https://life.ru/p/pamfilova-tsentrizbirkom-ofitsialno-utverdil-itogi-vyborov-v-gosdumu";"high";"N";"";"Final CEC results 25.09.2026: A Just Russia 5.34% on the federal list, 13 list seats plus 4 single-member seats (17 in total)."
Q-0055;1;2026-10-05;1;"https://www.cvk.lv/saeima-2026-rezultati";"CVK (provisional results, all 1,059 polling stations, 05.10.2026 12:23)";"https://eng.lsm.lv/article/politics/election/04.10.2026-the-votes-are-in-united-list-handed-massive-mandate-by-latvian-voters.a666044/";"high";"N";"";"United List 41 of 100 seats; next list (Latvia First) 17. CVK final confirmation due by 19.10.2026; a change of first place is not possible on these counts."
Q-0056;1;2026-10-05;0;"https://www.cartacapital.com.br/politica/tse-encerra-apuracao-do-1o-turno/";"CartaCapital (TSE final count), 05.10.2026";"https://www.bloomberg.com/graphics/2026-brazil-election/";"high";"N";"";"TSE first round 04.10.2026: Lula 45.16% of valid votes, Flavio Bolsonaro 47.03%; runoff 25.10. tse.jus.br not opened directly."
Q-0057;1;2026-10-07;0;"https://www.whitehouse.gov/presidential-actions/";"White House, presidential actions list (accessed 08.10.2026)";"https://insidetrade.com/daily-news/sources-section-301-overcapacity-report-punted-after-trump-xi-summit";"medium";"N";"";"No tariff act or proclamation on PRC goods 24.09-07.10 in the presidential actions list; Section 301 overcapacity report still unpublished (reports to early October). ustr.gov press releases not opened directly."
Q-0058;1;2026-09-28;1;"https://www.news.cn/world/20260928/218d41a6ec924cf88bf3085936ef0c91/c.html";"Xinhua (MOFCOM Department of American and Oceanian Affairs, 28.09.2026)";"https://www.nbcnews.com/business/economy/us-china-extend-trade-truce-trump-rcna599525";"low";"Y";"";"As Q-0011: PRC confirmed 28.09; US (Treasury Secretary Bessent) announced on 23.09 US time. VERIFY: disputed - reading 1 (YES): both governments had announced by 28.09, completing the event inside the window; reading 2 (NO): the US announcement was not after 23.09 and no later US official announcement was found by 07.10."
Q-0059;1;2026-10-07;0;"https://www.axios.com/2026/09/24/zelensky-ukraine-russia-war-energy-ceasefire-grain";"Axios, 24.09.2026";"https://www.aljazeera.com/news/2026/9/23/zelenskyy-says-ukraine-ready-for-energy-truce-with-russia-after-trump-talks";"high";"N";"";"No joint confirmation by the Kremlin and Kyiv of an agreed energy truce with a start date by 07.10; Ukraine declared readiness, the Kremlin set conditions; strikes on energy continued."
Q-0060;1;2026-09-29;1;"https://ofac.treasury.gov/recent-actions/20260929";"OFAC Recent Actions, 29.09.2026";"https://ofac.treasury.gov/recent-actions/20261001";"high";"N";"";"29.09: EC MOJO TECHNOLOGY CO LIMITED (Hong Kong) [NPWMD][IFSR], linked to Kavoshcom Asia (Iran); also individuals in Foshan and Beijing. 01.10: 12 China/Hong Kong entities and persons under IRAN-EO13902/13871 (Treasury press release sb0643)."
Q-0061;1;2026-10-07;0;"https://ofac.treasury.gov/recent-actions";"OFAC Recent Actions list (accessed 08.10.2026)";"https://ofac.treasury.gov/recent-actions/20261001";"high";"N";"";"Actions 24.09-05.10 (none on 06-07.10): no new SDN entry under RUSSIA-EO14024 or an H.R. 5334 programme; 29.09 only added a tag to two existing Russia entries; 01.10 A7 NETWORK (Russia and others) designated under TCO, which the criterion does not count."
Q-0062;1;2026-10-04;1;"https://maritime-executive.com/article/tanker-reports-attack-south-of-bab-el-mandeb";"The Maritime Executive (UKMTO report), 04.10.2026";"https://www.seatrade-maritime.com/security/product-tanker-attacked-in-red-sea-as-hostilities-escalate";"medium";"Y";"";"UKMTO 04.10.2026 about 16:50 UTC: tanker (Chrystal Sky per Seatrade) south of Mokha reported multiple explosions close to the vessel, one about 100 m away; no damage; described as an attempted attack. VERIFY: ambiguous - explosions near the ship read as an attempted hit (YES) or as an incident without a confirmed attack (NO)."
Q-0063;1;2026-10-01;1;"https://shipandbunker.com/news/emea/780348-new-tanker-attack-reported-in-strait-of-hormuz-ukmto";"Ship & Bunker (UKMTO report), 02.10.2026";"https://maritime-executive.com/article/ukmto-tanker-s-engine-room-on-fire-after-latest-hormuz-attack";"high";"Y";"";"UKMTO: tanker struck by an unidentified projectile in the Strait of Hormuz at 17:50 UTC on 01.10.2026, fire on board; further hits reported 02.10, 04.10 and 05.10 (engine-room fire off Musandam). VERIFY: random 20% sample (seed 2)."
Q-0064;1;2026-10-07;0;"https://www.cbsnews.com/news/ukraine-us-drone-defense-deal-kyiv-iran-war/";"CBS News, 09.2026";"https://www.devdiscourse.com/article/international/3980244-ukraines-zelenskiy-says-new-drone-deal-ready-to-be-signed-as-he-lands-in-us";"medium";"N";"";"Deal reported ready to sign during UNGA week but not signed; no US or Ukrainian official confirmation of a signing after 23.09 found by 07.10."
