name;domain;country;language;type;default_perspective;reliability_A_F;notes;date_added
"Straits Daily Brief";"straits.live";"—";"EN";"shipping data aggregator";"T";"C";"Daily briefs on Hormuz based on IMF PortWatch, UKMTO; aggregation method not described";"2026-09-23"
"GlobalSecurity.org — Iran War OPREP";"globalsecurity.org";"USA";"EN";"aggregator/analysis";"W";"C";"Daily operational report on the war with Iran; reprints of government statements (Lithuanian MFA, RFE/RL)";"2026-09-23"
"Tasnim";"tasnimnews.ir";"Iran";"FA";"loyal media (IRGC)";"A";"C";"IRGC statements; only as a fact about a statement";"2026-09-23"
"Jamaran";"jamaran.news";"Iran";"FA";"domestic media";"A";"C";"Reprints of Khatam al-Anbiya statements";"2026-09-23"
"Youm7";"youm7.com";"Egypt";"AR";"domestic media";"T";"C";"Egyptian perspective; mediation by Qatar and Pakistan";"2026-09-23"
"Iran International";"iranintl.com";"United Kingdom";"EN/FA";"opposition media";"W";"C";"Opposed to Tehran, partisan";"2026-09-23"
"Yemeni Press";"yemenipress.net";"Yemen";"AR";"loyal media (Houthi)";"A";"D";"Statements of Houthi spokesman Yahya Saree";"2026-09-23"
"Al-Araby al-Jadeed";"alaraby.co.uk";"United Kingdom/Qatar";"AR";"media";"T";"C";"";"2026-09-23"
"TankerMap";"tankermap.com";"—";"EN";"AIS aggregator";"T";"D";"Daily tanker transits through chokepoints; method unknown";"2026-09-23"
"Egyptian Streets";"egyptianstreets.com";"Egypt";"EN";"media";"A";"C";"Suez Canal Authority data";"2026-09-23"
"Stars and Stripes";"stripes.com";"USA";"EN";"military media";"W";"B";"";"2026-09-23"
"grosswald.org";"grosswald.org";"—";"EN";"independent analysis";"W";"D";"Analyses of NDAA §1249, Baltic trackers; author and method not established";"2026-09-23"
"Defence24";"defence24.pl";"Poland";"PL";"trade media";"A";"B";"";"2026-09-23"
"Izvestia";"iz.ru";"Russia";"RU";"pro-government media";"A";"C";"";"2026-09-23"
"Prime (RIA)";"1prime.ru";"Russia";"RU";"state media";"A";"C";"";"2026-09-23"
"InoSMI";"inosmi.ru";"Russia";"RU";"state media (reprints)";"A";"C";"Reprints of foreign media in translation";"2026-09-23"
"Latvian Ministry of Defence";"mod.gov.lv";"Latvia";"EN/LV";"official";"A";"A";"";"2026-09-23"
"LSM";"eng.lsm.lv";"Latvia";"EN";"public media";"A";"B";"";"2026-09-23"
"Kyiv Post (ISW reprints)";"kyivpost.com";"Ukraine";"EN";"media";"W";"B";"Reprints of daily ISW assessments";"2026-09-23"
"Russia Matters";"russiamatters.org";"USA";"EN";"think tank (Harvard Belfer)";"W";"B";"Weekly DeepState/Economist summaries; HTTP 403 on fetch";"2026-09-23"
"Mail.ru Novosti";"news.mail.ru";"Russia";"RU";"media aggregator";"A";"C";"Reprints of Russian MoD statements";"2026-09-23"
"LB.ua";"lb.ua";"Ukraine";"UK";"media";"A";"B";"Statements of the Ukrainian General Staff";"2026-09-23"
"Interfax-Ukraine";"interfax.com.ua";"Ukraine";"UK";"news agency";"A";"B";"";"2026-09-23"
"USNI News";"news.usni.org";"USA";"EN";"military media";"W";"B";"Fleet Tracker, Western Pacific Pulse; HTTP 403 on fetch";"2026-09-23"
"Chinanews";"chinanews.com.cn";"China";"ZH";"state media";"A";"C";"Statements of the PRC Coast Guard";"2026-09-23"
"China Global South Project";"chinaglobalsouth.com";"—";"EN";"independent media";"T";"C";"";"2026-09-23"
"Taiwan Ministry of National Defense";"mnd.gov.tw";"Taiwan";"EN/ZH";"official";"A";"B";"Daily reports on PLA activity";"2026-09-23"
"Taiwan News";"taiwannews.com.tw";"Taiwan";"EN";"media";"A";"C";"";"2026-09-23"
"NK News";"nknews.org";"USA/South Korea";"EN";"specialist media";"W";"B";"";"2026-09-23"
"gCaptain";"gcaptain.com";"USA";"EN";"trade media (shipping)";"W";"B";"";"2026-09-23"
"Windward";"windward.ai";"Israel";"EN";"maritime data analysis (commercial)";"W";"C";"";"2026-09-23"
"The Moscow Times";"themoscowtimes.com";"Netherlands";"EN";"independent media (exile)";"W";"B";"";"2026-09-23"
"Rigzone";"rigzone.com";"USA";"EN";"trade media (energy)";"W";"B";"Oil price closes, OPEC+ statements";"2026-09-23"
"Investing.com (Reuters reprints)";"investing.com";"USA";"EN";"aggregator (agency reprints)";"W";"B";"Reuters texts when reuters.com is unavailable";"2026-09-23"
"Seoul Economic Daily";"sedaily.com";"South Korea";"EN";"business media";"T";"B";"Brent/WTI price closes";"2026-09-23"
"NBC News";"nbcnews.com";"USA";"EN";"media";"W";"B";"";"2026-09-23"
"Trading Economics";"tradingeconomics.com";"USA";"EN";"market data aggregator";"T";"C";"Commodity quotes; commentary sometimes numerically inconsistent";"2026-09-23"
"Fortune (oil prices)";"fortune.com";"USA";"EN";"business media";"W";"B";"Daily price readings at 6:00 ET";"2026-09-23"
"IEA";"iea.org";"—";"EN";"international organisation (data)";"W";"A";"Oil Market Report";"2026-09-23"
"EADaily";"eadaily.com";"Russia";"RU";"domestic media";"A";"C";"Reprints of Russian government statements";"2026-09-23"
"Al Arabiya";"alarabiya.net";"Saudi Arabia";"AR";"loyal media (Saudi)";"A";"C";"Riyadh's perspective";"2026-09-23"
"Al Jazeera (Arabic)";"aljazeera.net";"Qatar";"AR";"media";"T";"B";"The Arabic version differs from the English one";"2026-09-23"
"Al Khaleej";"alkhaleej.ae";"UAE";"AR";"domestic media";"T";"C";"";"2026-09-23"
"Tradingpedia";"tradingpedia.com";"Bulgaria";"EN";"market service";"T";"C";"TTF quotes";"2026-09-23"
"EnergyRiskIQ";"energyriskiq.com";"—";"EN";"data aggregator (AGSI+, TTF)";"T";"C";"Method not described; based on GIE AGSI+";"2026-09-23"
"Global Energy Flow";"global-energy-flow.com";"—";"EN";"data aggregator (AGSI+)";"T";"C";"Storage tracker based on AGSI+";"2026-09-23"
"netTG.pl";"nettg.pl";"Poland";"PL";"trade media";"W";"B";"Gas Storage Poland statements";"2026-09-23"
"Energetyka24";"energetyka24.com";"Poland";"PL";"trade media";"W";"B";"";"2026-09-23"
"The Peninsula";"thepeninsulaqatar.com";"Qatar";"EN";"domestic media";"A";"C";"Statements of Qatar's energy minister";"2026-09-23"
"LNG Prime";"lngprime.com";"Croatia";"EN";"trade media (LNG)";"W";"B";"";"2026-09-23"
"ADVFN";"advfn.com";"United Kingdom";"EN";"market service";"W";"C";"";"2026-09-23"
"Biznesinfo";"biznesinfo.pl";"Poland";"PL";"media";"W";"C";"Based on e-petrol";"2026-09-23"
"e-petrol";"e-petrol.pl";"Poland";"PL";"data service (fuel prices)";"W";"B";"Weekly quotations (Wednesday); current data behind login";"2026-09-23"
"AutoCentrum";"autocentrum.pl";"Poland";"PL";"service (prices from driver reports)";"W";"C";"";"2026-09-23"
"cenypaliw.fyi";"cenypaliw.fyi";"Poland";"PL";"calculator (wholesale + margin model)";"W";"D";"An estimate, not a measurement";"2026-09-23"
"The Insider";"theins.ru";"Latvia";"RU";"independent media (exile)";"W";"B";"Reuters reprints on refineries";"2026-09-23"
"AiF";"aif.ru";"Russia";"RU";"loyal media";"A";"C";"";"2026-09-23"
"Ukrainska Pravda";"pravda.com.ua";"Ukraine";"RU/UK";"independent media";"A";"B";"Ukrainian perspective";"2026-09-23"
"Vedomosti";"vedomosti.ru";"Russia";"RU";"business media";"A";"B";"";"2026-09-23"
"FAO";"fao.org";"—";"EN";"international organisation (data)";"T";"A";"Food price index";"2026-09-23"
"SMM (Shanghai Metals Market)";"news.metal.com";"China";"EN";"trade service (metals)";"T";"C";"GAC data on magnet exports";"2026-09-23"
"The National";"thenationalnews.com";"UAE";"EN";"media";"T";"B";"";"2026-09-23"
"RFA (Chinese)";"rfa.org";"USA";"ZH";"US government media";"W";"C";"Review of Chinese media";"2026-09-23"
"Foreign Policy";"foreignpolicy.com";"USA";"EN";"analytical media";"W";"B";"";"2026-09-23"
"MOFCOM";"mofcom.gov.cn";"China";"ZH";"official";"A";"B";"Export control announcements";"2026-09-23"
"White House";"whitehouse.gov";"USA";"EN";"official";"A";"B";"Only as a fact about a statement/act";"2026-09-23"
"Baker McKenzie Sanctions Blog";"sanctionsnews.bakermckenzie.com";"USA";"EN";"law firm (legal analysis)";"W";"B";"";"2026-09-23"
"Fastmarkets";"fastmarkets.com";"United Kingdom";"EN";"trade service (metals)";"W";"B";"";"2026-09-23"
"CNBC";"cnbc.com";"USA";"EN";"business media";"W";"B";"Some pages return 403";"2026-09-23"
"Marine Insight";"marineinsight.com";"India";"EN";"trade media (shipping)";"T";"C";"";"2026-09-23"
"Discovery Alert";"discoveryalert.com";"Australia";"EN";"analytical service (commodities)";"T";"D";"Secondary source; verify";"2026-09-23"
"Radio Free Europe/Radio Liberty";"rferl.org";"USA";"EN";"US public media";"W";"B";"Funded by the US government";"2026-09-23"
"Sina (via PRC MFA/MOFCOM)";"sina.cn";"China";"ZH";"news portal";"A";"B";"Reprints of PRC state statements";"2026-09-23"
"Tencent News";"news.qq.com";"China";"ZH";"news portal";"A";"B";"Reprints of PRC MFA statements";"2026-09-23"
"Ifeng";"ifeng.com";"China/HK";"ZH";"news portal";"A";"B";"Reprints of MOFCOM and Xinhua";"2026-09-23"
"The Week (India)";"theweek.in";"India";"EN";"media";"T";"B";"Position of India's MEA";"2026-09-23"
"The Wire";"thewire.in";"India";"EN";"independent media";"T";"B";"";"2026-09-23"
"Lenta.ru";"lenta.ru";"Russia";"RU";"pro-government media";"A";"C";"Fact about a Kremlin statement";"2026-09-23"
"Vzglyad";"vz.ru";"Russia";"RU";"pro-government media";"A";"C";"Kremlin-loyal coverage";"2026-09-23"
"RIA Novosti";"ria.ru";"Russia";"RU";"state agency";"A";"C";"Fact about a statement";"2026-09-23"
"China Briefing (Dezan Shira)";"china-briefing.com";"China/intl.";"EN";"consultancy — tariff reviews";"W";"B";"Summaries of US–China tariff rates";"2026-09-23"
"Euronews";"euronews.com";"EU";"EN";"media";"W";"B";"";"2026-09-23"
"Bloomberg";"bloomberg.com";"USA";"EN";"financial agency";"W";"A";"Paywall/403 — usually headlines only";"2026-09-23"
"Latin Times";"latintimes.com";"USA";"EN";"media";"T";"C";"";"2026-09-23"
"Xinhua";"news.cn";"China";"ZH";"state agency";"A";"B";"Fact about a statement";"2026-09-23"
"People's Daily";"people.com.cn";"China";"ZH";"party daily";"A";"B";"Fact about a statement";"2026-09-23"
"Russian Ministry of Finance";"minfin.gov.ru";"Russia";"RU";"government source";"A";"A";"Budget execution data";"2026-09-23"
"Interfax (Russia)";"interfax.ru";"Russia";"RU";"agency";"A";"B";"";"2026-09-23"
"BOFIT (Bank of Finland)";"bofit.fi";"Finland";"EN";"central bank institute";"T";"A";"Neutral data on the Russian economy";"2026-09-23"
"finance.mail.ru";"finance.mail.ru";"Russia";"RU";"financial portal";"A";"C";"";"2026-09-23"
"Local Glob (via TASS)";"localglob.com";"—";"EN";"aggregator";"A";"D";"TASS summaries";"2026-09-23"
"UA.News";"ua.news";"Ukraine";"EN";"media";"T";"C";"";"2026-09-23"
"Bank of Russia";"cbr.ru";"Russia";"RU";"central bank";"A";"A";"";"2026-09-23"
"Minfin.com.ua";"minfin.com.ua";"Ukraine";"UK";"financial portal";"A";"C";"";"2026-09-23"
"Federal Reserve";"federalreserve.gov";"USA";"EN";"central bank";"W";"A";"";"2026-09-23"
"J.P. Morgan Asset Management";"am.jpmorgan.com";"USA";"EN";"market analysis";"W";"B";"";"2026-09-23"
"Bankier.pl";"bankier.pl";"Poland";"PL";"financial portal";"A";"B";"";"2026-09-23"
"S.O.S. dla gospodarki";"gospodarka.sos.pl";"Poland";"PL";"portal";"A";"C";"";"2026-09-23"
"Strefa Inwestorów";"strefainwestorow.pl";"Poland";"PL";"financial portal";"A";"C";"";"2026-09-23"
"NBP API (table A)";"api.nbp.pl";"Poland";"PL";"central bank — data";"A";"A";"Average exchange rates";"2026-09-23"
"money.pl";"money.pl";"Poland";"PL";"financial portal";"A";"C";"";"2026-09-23"
"Brussels Signal";"brusselssignal.eu";"EU";"EN";"media";"W";"C";"Conservative profile";"2026-09-23"
"Interia Biznes";"interia.pl";"Poland";"PL";"portal";"A";"B";"";"2026-09-23"
"TVN24 Biznes";"tvn24.pl";"Poland";"PL";"media";"A";"B";"";"2026-09-23"
"Polsat News";"polsatnews.pl";"Poland";"PL";"media";"A";"B";"";"2026-09-23"
"CrypS";"cryps.pl";"Poland";"PL";"portal";"A";"D";"";"2026-09-23"
"ING Economic Service";"ekonomiczny.ing.pl";"Poland";"PL";"bank analysis";"A";"B";"";"2026-09-23"
"GazetaPrawna";"gazetaprawna.pl";"Poland";"PL";"daily newspaper";"A";"B";"Fetches often 403";"2026-09-23"
"Rzeczpospolita";"rp.pl";"Poland";"PL";"daily newspaper";"A";"B";"";"2026-09-23"
"Eurointegration";"eurointegration.com.ua";"Ukraine";"RU/UK/EN";"media";"T";"B";"";"2026-09-23"
"PayTechLaw";"paytechlaw.com";"Germany";"EN";"legal blog";"W";"C";"";"2026-09-23"
"Consilium (EU Council)";"consilium.europa.eu";"EU";"EN";"institutional source";"W";"A";"";"2026-09-23"
"EC DG DEFIS";"defence-industry-space.ec.europa.eu";"EU";"EN";"institutional source";"W";"A";"SAFE";"2026-09-23"
"OFAC";"ofac.treasury.gov";"USA";"EN";"government source";"W";"A";"Recent Actions";"2026-09-23"
"TariffsTool";"tariffstool.com";"—";"EN";"tariff aggregator";"W";"C";"";"2026-09-23"
"Congressional Research Service";"congress.gov";"USA";"EN";"institutional source";"W";"A";"";"2026-09-23"
"CRFB";"crfb.org";"USA";"EN";"fiscal think tank";"W";"B";"Based on CBO";"2026-09-23"
"Fox Business";"foxbusiness.com";"USA";"EN";"media";"W";"C";"";"2026-09-23"
"Al Jazeera";"aljazeera.com";"Qatar";"EN";"media";"T";"B";"";"2026-09-23"
"Modern Diplomacy";"moderndiplomacy.eu";"—";"EN";"analytical portal";"T";"D";"";"2026-09-23"
"Disruption Banking";"disruptionbanking.com";"—";"EN";"portal";"T";"D";"";"2026-09-23"
"Dünya Gazetesi";"dunya.com";"Turkey";"TR";"business daily";"T";"B";"";"2026-09-23"
"TRT Haber (trtv.net)";"trtv.net";"Turkey";"TR";"media";"T";"C";"Status of the domain relative to TRT unconfirmed";"2026-09-23"
"Middle East Eye";"middleeasteye.net";"United Kingdom";"EN";"media";"T";"C";"Qatari ownership links; sources in the Gulf";"2026-09-23"
"Eastern Herald";"easternherald.com";"India";"EN";"media";"T";"D";"Origin of information often not described";"2026-09-23"
"Tehran Times";"tehrantimes.com";"Iran";"EN";"state media";"A";"C";"Fact about a statement";"2026-09-23"
"Al Arabiya English";"english.alarabiya.net";"Saudi Arabia";"EN";"media";"T";"B";"Saudi perspective";"2026-09-23"
"Arab News";"arabnews.com";"Saudi Arabia";"EN";"media";"T";"B";"";"2026-09-23"
"Asr-e Iran";"asriran.com";"Iran";"FA";"media";"A";"C";"";"2026-09-23"
"Euronews Persian";"parsi.euronews.com";"EU";"FA";"media";"W";"B";"";"2026-09-23"
"Mehr News Agency";"en.mehrnews.com";"Iran";"EN";"state media";"A";"C";"Fact about a statement";"2026-09-23"
"Qatar Tribune";"qatar-tribune.com";"Qatar";"EN";"media";"T";"B";"";"2026-09-23"
"UN UNISPAL";"un.org";"UN";"EN";"official";"T";"A";"";"2026-09-23"
"Hamshahri Online";"hamshahrionline.ir";"Iran";"FA";"media (Tehran municipality)";"A";"C";"";"2026-09-23"
"Borna News";"borna.news";"Iran";"FA";"media";"A";"C";"";"2026-09-23"
"CNN";"cnn.com";"USA";"EN";"media";"W";"B";"";"2026-09-23"
"Washington Post";"washingtonpost.com";"USA";"EN";"media";"W";"A";"";"2026-09-23"
"Kyiv Independent";"kyivindependent.com";"Ukraine";"EN";"media";"A";"B";"";"2026-09-23"
"Kommersant";"kommersant.ru";"Russia";"RU";"media";"A";"B";"";"2026-09-23"
"Fontanka";"fontanka.ru";"Russia";"RU";"media";"A";"B";"TASS reprints";"2026-09-23"
"Moskva 24";"m24.ru";"Russia";"RU";"media (municipal)";"A";"C";"";"2026-09-23"
"URA.ru";"ura.news";"Russia";"RU";"media";"A";"C";"";"2026-09-23"
"Rambler Novosti";"news.rambler.ru";"Russia";"RU";"aggregator";"A";"C";"";"2026-09-23"
"Radio Svoboda";"svoboda.org";"USA/Russia";"RU";"media";"W";"B";"";"2026-09-23"
"Anadolu Ajansı";"aa.com.tr";"Turkey";"TR";"state agency";"T";"B";"";"2026-09-23"
"Hürriyet";"hurriyet.com.tr";"Turkey";"TR";"media";"T";"B";"";"2026-09-23"
"NPR";"npr.org";"USA";"EN";"media";"W";"A";"";"2026-09-23"
"US News & World Report";"usnews.com";"USA";"EN";"media (Reuters/AP reprints)";"W";"B";"";"2026-09-23"
"Statsministeriet (Denmark)";"stm.dk";"Denmark";"DA";"official";"A";"A";"";"2026-09-23"
"DR";"dr.dk";"Denmark";"DA";"public media";"A";"A";"";"2026-09-23"
"TV 2 (Denmark)";"nyheder.tv2.dk";"Denmark";"DA";"media";"A";"B";"";"2026-09-23"
"Life.ru";"life.ru";"Russia";"RU";"media";"A";"C";"";"2026-09-23"
"RTVI";"rtvi.com";"Russia/Israel";"RU";"media";"A";"C";"";"2026-09-23"
"Meduza";"meduza.io";"Latvia (exile)";"EN/RU";"independent media";"W";"B";"Opposition bias";"2026-09-23"
"EPDE";"epde.org";"EU";"EN";"observation organisation";"W";"B";"";"2026-09-23"
"Absatz";"absatz.media";"Russia";"RU";"media";"A";"D";"";"2026-09-23"
"Latvia CVK";"cvk.lv";"Latvia";"LV";"official";"A";"A";"";"2026-09-23"
"AS/COA";"as-coa.org";"USA";"EN";"think tank";"T";"B";"";"2026-09-23"
"Balkan Insight";"balkaninsight.com";"Balkans";"EN";"media";"T";"B";"";"2026-09-23"
"European Western Balkans";"europeanwesternbalkans.com";"Serbia";"EN";"media/analysis";"T";"B";"";"2026-09-23"
"Yahoo News";"yahoo.com";"USA";"EN";"media/aggregator";"W";"B";"";"2026-09-23"
"US Polling Data";"uspollingdata.com";"USA";"EN";"polling aggregator";"W";"D";"Aggregation methodology not described";"2026-09-23"
"Studio Tamani";"studiotamani.org";"Mali";"FR";"media (Fondation Hirondelle)";"A";"B";"";"2026-09-23"
"Maliexpress";"maliexpress.net";"Mali";"FR";"media";"A";"C";"";"2026-09-23"
"Jeune Afrique";"jeuneafrique.com";"France";"FR";"media";"T";"B";"";"2026-09-23"
"CiberCuba";"cibercuba.com";"Spain (Cuban exile)";"ES";"media";"T";"C";"Anti-government bias";"2026-09-23"
"Infobae";"infobae.com";"Argentina";"ES";"media";"T";"B";"EFE reprints";"2026-09-23"
"Reporte Confidencial";"reporteconfidencial.info";"Venezuela";"ES";"media";"A";"C";"";"2026-09-23"
"El Nacional";"elnacional.com";"Venezuela";"ES";"media";"A";"C";"Opposition";"2026-09-23"
"CBS News";"cbsnews.com";"USA";"EN";"media";"W";"B";"";"2026-09-23"
"France 24";"france24.com";"France";"EN";"media";"W";"B";"";"2026-09-23"
"UN News";"news.un.org";"UN";"EN";"official";"T";"A";"";"2026-09-23"
"OHCHR";"ohchr.org";"UN";"EN";"official";"T";"A";"";"2026-09-23"
"Security Council Report";"securitycouncilreport.org";"USA";"EN";"think tank";"T";"A";"";"2026-09-23"
"Sputnik Armenia";"am.sputniknews.ru";"Russia/Armenia";"RU";"Russian state media";"T";"C";"";"2026-09-23"
"Day.az";"news.day.az";"Azerbaijan";"RU";"media";"A";"C";"";"2026-09-23"
"Armenian Weekly";"armenianweekly.com";"USA (diaspora)";"EN";"media";"A";"C";"Bias regarding the Armenian government";"2026-09-23"
"CACI Analyst";"cacianalyst.org";"USA";"EN";"think tank";"T";"B";"";"2026-09-23"
"Japan Times";"japantimes.co.jp";"Japan";"EN";"media";"T";"B";"";"2026-09-23"
"VOA Chinese";"voachinese.com";"USA";"ZH";"US government media";"W";"B";"";"2026-09-23"
"ClickOnDetroit (AP)";"clickondetroit.com";"USA";"EN";"AP reprints";"T";"B";"";"2026-09-23"
"PM India";"pmindia.gov.in";"India";"EN";"official";"T";"A";"";"2026-09-23"
"Dawn";"dawn.com";"Pakistan";"EN";"media";"T";"B";"";"2026-09-23"
"WANA";"wanaen.com";"Iran";"EN";"agency";"A";"C";"";"2026-09-23"
"IranWire";"iranwire.com";"United Kingdom (exile)";"EN";"media";"W";"C";"Opposition";"2026-09-23"
"RMF24";"rmf24.pl";"Poland";"PL";"media";"A";"B";"";"2026-09-23"
"IMF PortWatch (Daily Chokepoints Data)";"portwatch.imf.org";"International (IMF)";"EN";"primary dataset (AIS-based)";"T";"A";"Daily chokepoint transits; ArcGIS API services9.arcgis.com; AIS-dark transits not counted; publication lag about 3-4 days";"2026-10-08"
"Shahrara News";"shahraranews.ir";"Iran";"FA";"media (Mashhad)";"A";"C";"Relays Fars reports on IRGC Navy statements";"2026-10-08"
"The Hindu (International)";"thehindu.com";"India";"EN";"media";"T";"B";"Not fetchable by tool (08.10.2026)";"2026-10-08"
"TASS (EN)";"tass.com";"Russia";"EN";"state news agency";"A";"C";"No-republish list: paraphrase only, never link publicly";"2026-10-08"
"Atlantic Council";"atlanticcouncil.org";"USA";"EN";"think tank";"W";"B";"";"2026-10-08"
"Daily Mirror (Sri Lanka)";"dailymirror.lk";"Sri Lanka";"EN";"media";"T";"C";"";"2026-10-08"
"Cyprus Mail";"cyprus-mail.com";"Cyprus";"EN";"media";"T";"B";"Reuters reprints";"2026-10-08"
"Al-Masry Al-Youm";"almasryalyoum.com";"Egypt";"AR";"media";"T";"C";"";"2026-10-08"
"TRT Arabi";"trtarabi.com";"Turkey";"AR";"state media";"T";"C";"";"2026-10-08"
"Al-Monitor";"al-monitor.com";"USA";"EN";"media";"W";"B";"Reuters reprints";"2026-10-08"
"Deutsche Welle (EN)";"dw.com";"Germany";"EN";"public broadcaster";"W";"B";"";"2026-10-08"
"The Maritime Executive";"maritime-executive.com";"USA";"EN";"trade media";"W";"B";"Relays UKMTO notices";"2026-10-08"
"Ukrinform";"ukrinform.net";"Ukraine";"EN";"state news agency";"A";"C";"";"2026-10-08"
"Zerkalo";"news.zerkalo.io";"Belarus (exile)";"RU";"media";"T";"C";"Belarusian exile outlet";"2026-10-08"
"The Sofia Globe";"sofiaglobe.com";"Bulgaria";"EN";"media";"T";"B";"";"2026-10-08"
"Russian Ministry of Defence (Telegram)";"t.me/mod_russia";"Russia";"RU";"official";"A";"C";"Read via t.me/s/ preview; party claims";"2026-10-08"
"Moldova 1";"moldova1.md";"Moldova";"RO/RU";"public broadcaster";"A";"B";"";"2026-10-08"
"The Washington Times";"washingtontimes.com";"USA";"EN";"media";"W";"C";"";"2026-10-08"
"LRT English";"lrt.lt";"Lithuania";"EN";"public broadcaster";"A";"B";"";"2026-10-08"
"ERR News";"err.ee";"Estonia";"EN";"public broadcaster";"A";"B";"";"2026-10-08"
"Censor.net";"censor.net";"Ukraine";"EN/UK";"media";"A";"C";"Relays DeepState statements";"2026-10-08"
"Ukranews";"ukranews.com";"Ukraine";"EN";"media";"A";"C";"";"2026-10-08"
"The New York Times";"nytimes.com";"USA";"EN";"media";"W";"A";"Paywall; content via secondary reports";"2026-10-08"
"UNN";"unn.ua";"Ukraine";"EN";"media";"A";"C";"";"2026-10-08"
"Breaking Defense";"breakingdefense.com";"USA";"EN";"trade media";"W";"B";"";"2026-10-08"
"HK01";"hk01.com";"Hong Kong (PRC)";"ZH";"media";"T";"C";"Relays PLA theatre command statements";"2026-10-08"
"Oriental Daily (Malaysia)";"orientaldaily.com.my";"Malaysia";"ZH";"media";"T";"C";"";"2026-10-08"
"Defense News";"defensenews.com";"USA";"EN";"trade media";"W";"B";"";"2026-10-08"
"Portal Obronny (Super Express)";"portalobronny.se.pl";"Poland";"PL";"media";"A";"C";"Relays DO RSZ statements";"2026-10-08"
"Ship & Bunker";"shipandbunker.com";"United Kingdom";"EN";"trade media";"W";"B";"Relays UKMTO notices";"2026-10-08"
"CFR Global Conflict Tracker";"cfr.org";"USA";"EN";"think tank tracker";"W";"B";"";"2026-10-08"
"U.S. Energy Information Administration (STEO, Today in Energy)";"eia.gov";"USA";"EN";"official statistics";"W";"A";"STEO monthly; Brent spot series via FRED";"2026-10-08"
"Rossiyskaya Gazeta";"rg.ru";"Russia";"RU";"state media";"A";"B";"no_republish: paraphrase only, link for verification";"2026-10-08"
"CGTN";"cgtn.com";"China";"EN";"state media";"A";"C";"Chinese state broadcaster; T for non-Chinese events";"2026-10-08"
"Granma";"granma.cu";"Cuba";"ES";"state media";"T";"C";"Cuban party daily; relays US announcements";"2026-10-08"
"Global News (Reuters reprints)";"globalnews.ca";"Canada";"EN";"media";"W";"B";"";"2026-10-08"
"OilPrice.com";"oilprice.com";"USA";"EN";"trade media";"W";"C";"Aggregates wire reports; check origin";"2026-10-08"
"Forsal.pl";"forsal.pl";"Poland";"PL";"media";"A";"B";"Polish business daily (Infor)";"2026-10-08"
"t-online";"t-online.de";"Germany";"DE";"media";"T";"B";"Non-Polish view of Polish fuel prices";"2026-10-08"
"auto motor und sport";"auto-motor-und-sport.de";"Germany";"DE";"trade media";"T";"C";"";"2026-10-08"
"Capital.gr";"capital.gr";"Greece";"EL";"media";"T";"B";"Relays S&P Global/Kpler LNG data";"2026-10-08"
"WNP.pl";"wnp.pl";"Poland";"PL";"trade media";"A";"B";"Energy and industry; relays PAP/GIE data";"2026-10-08"
"Portal Samorządowy";"portalsamorzadowy.pl";"Poland";"PL";"media";"A";"B";"PAP relays";"2026-10-08"
"South China Morning Post";"scmp.com";"Hong Kong";"EN";"media";"T";"B";"";"2026-10-08"
"Notes from Poland";"notesfrompoland.com";"Poland";"EN";"media";"A";"B";"";"2026-10-08"
"ABC News (AP wire)";"abcnews.com";"USA";"EN";"media";"W";"B";"";"2026-10-08"
"Spotmedia.ro";"spotmedia.ro";"Romania";"EN";"media";"A";"C";"Romanian outlet";"2026-10-08"
"Brookings Institution";"brookings.edu";"USA";"EN";"think tank";"W";"B";"";"2026-10-08"
"The Diplomat";"thediplomat.com";"USA";"EN";"analysis";"W";"B";"";"2026-10-08"
"German Marshall Fund";"gmfus.org";"USA";"EN";"think tank";"W";"B";"";"2026-10-08"
"TradingView News (Reuters)";"tradingview.com";"USA";"EN";"wire reprint";"W";"B";"Reuters newsml reprints";"2026-10-08"
"Business Standard";"business-standard.com";"India";"EN";"media";"T";"B";"Reuters reprints";"2026-10-08"
"Global Banking & Finance Review";"globalbankingandfinance.com";"United Kingdom";"EN";"media";"W";"C";"Reuters reprints";"2026-10-08"
"Uranium Speculator (substack)";"sparverius.substack.com";"—";"EN";"newsletter";"T";"D";"Cites Numerco spot prices; low reliability";"2026-10-08"
"Prestige Business Solutions market reports";"prestigebusiness.energy";"United Kingdom";"EN";"broker report";"W";"D";"";"2026-10-08"
"BusinessToday";"businesstoday.in";"India";"EN";"media";"T";"C";"Cites S&P Global";"2026-10-08"
"Digitimes";"digitimes.com";"Taiwan";"EN";"trade media";"T";"B";"";"2026-10-08"
"Tom's Hardware";"tomshardware.com";"USA";"EN";"trade media";"W";"B";"Relays DOJ filings";"2026-10-08"
"National Law Review";"natlawreview.com";"USA";"EN";"legal analysis";"W";"B";"";"2026-10-08"
"Crowell & Moring (cmtradelaw)";"cmtradelaw.com";"USA";"EN";"law firm";"W";"B";"";"2026-10-08"
"Oil & Gas Journal";"ogj.com";"USA";"EN";"trade media";"W";"B";"Relays IEA reports";"2026-10-08"
"NV (New Voice of Ukraine)";"nv.ua";"Ukraine";"EN";"media";"A";"C";"";"2026-10-08"
"FRED (Federal Reserve Bank of St. Louis)";"fred.stlouisfed.org";"USA";"EN";"official statistics";"W";"A";"Brent/WTI spot (EIA data), Fed target, UST10Y — harvested datasets";"2026-10-08"
"Semafor";"semafor.com";"USA";"EN";"media";"W";"B";"USTR Greer on H.R. 5334 report (via Yahoo News)";"2026-10-08"
"Quartz";"qz.com";"USA";"EN";"media";"W";"C";"Business news; relays wire reports";"2026-10-08"
"Slovo i Dilo";"slovoidilo.ua";"Ukraine";"RU/UK";"media";"A";"C";"Ukrainian outlet; headline-level use";"2026-10-08"
"Ming Pao";"news.mingpao.com";"Hong Kong";"ZH";"media";"T";"B";"MOFCOM truce extension report 28.09.2026";"2026-10-08"
"Tech Times";"techtimes.com";"USA";"EN";"media";"W";"C";"Section 301 vessel-fee suspension status";"2026-10-08"
"National Foreign Trade Council";"nftc.org";"USA";"EN";"industry association";"W";"B";"Joint letter to USTR on s.301 vessel fees (primary document)";"2026-10-08"
"Federal Register";"federalregister.gov";"USA";"EN";"official gazette";"W";"A";"Web pages behind a bot check; the JSON API (api/v1/documents) is readable";"2026-10-08"
"Inside US Trade";"insidetrade.com";"USA";"EN";"trade press";"W";"B";"Paywalled; s.301 overcapacity report status";"2026-10-08"
"News.am";"news.am";"Armenia";"EN";"media";"T";"C";"EU sanctions headline relays";"2026-10-08"
"TalCual";"talcualdigital.com";"Venezuela";"ES";"media";"T";"B";"OFAC delistings explained (independent Venezuelan outlet)";"2026-10-08"
"Lloyd's List";"lloydslist.com";"UK";"EN";"shipping trade press";"W";"A";"Japan shadow-fleet vessel sanctions";"2026-10-08"
"Japan Today (Kyodo)";"japantoday.com";"Japan";"EN";"media";"T";"B";"Kyodo wire relays";"2026-10-08"
"SBS News (English)";"news.sbs.co.kr";"South Korea";"EN";"media";"T";"B";"Russia MFA reaction to Japan sanctions";"2026-10-08"
"US Bureau of Labor Statistics";"bls.gov";"USA";"EN";"official statistics";"W";"A";"Employment Situation releases";"2026-10-08"
"Forbes";"forbes.com";"USA";"EN";"media";"W";"C";"Contributor analysis; market levels only";"2026-10-08"
"Eurostat";"ec.europa.eu/eurostat";"EU";"EN";"official statistics";"W";"A";"Euro-area flash HICP";"2026-10-08"
"Statistics Poland (GUS) publications portal";"publikacje.new.stat.gov.pl";"Poland";"EN/PL";"official statistics";"A";"A";"Flash CPI estimates";"2026-10-08"
"Forbes India";"forbesindia.com";"India";"EN";"media";"T";"C";"RBI MPC live blog";"2026-10-08"
"AAStocks";"aastocks.com";"Hong Kong";"EN/ZH";"financial data vendor";"T";"C";"PBoC LPR reading";"2026-10-08"
"SCIO (State Council Information Office)";"english.scio.gov.cn";"China";"EN";"official (state)";"A";"B";"NBS PMI relay";"2026-10-08"
"Global Times";"globaltimes.cn";"China";"EN";"state media";"A";"C";"MOFCOM statements relayed; party-state outlet";"2026-10-08"
"The Manila Times";"manilatimes.net";"Philippines";"EN";"media";"T";"C";"Wire relays on China–EU trade";"2026-10-08"
"CnEVPost";"cnevpost.com";"China";"EN";"trade press";"T";"C";"EV trade; relays Bloomberg";"2026-10-08"
"RBC-Ukraine";"newsukraine.rbc.ua";"Ukraine";"EN";"media";"A";"C";"Ukraine funding reports (Bloomberg-based)";"2026-10-08"
"Ekonomichna Pravda";"epravda.com.ua";"Ukraine";"UK/RU";"media";"A";"B";"Ukrainian budget coverage";"2026-10-08"
"Obozrevatel";"obozrevatel.com";"Ukraine";"UK";"media";"A";"C";"Op-ed by Rada finance committee chair";"2026-10-08"
"Asharq Al-Awsat (English)";"english.aawsat.com";"Saudi Arabia";"EN";"media";"T";"B";"Iraq dinar devaluation";"2026-10-08"
"The Times of Israel";"timesofisrael.com";"Israel";"EN";"media";"T";"B";"Iranian rial market rate reports";"2026-10-08"
