id_pytania;wydanie;data;przebieg;p;pewnosc_analityczna;uzasadnienie;kluczowy_wskaznik
Q-0001;01;2026-09-23;"A";0.03;"wysoka";"Decyduje Putin; mobilizacja ma wysoki koszt wewnętrzny, a werbunek kontraktowy i powolny postęp na froncie nie tworzą przymusu — równowaga: brak dekretu, dopóki front się nie załamie.";"załamanie odcinka frontu; spadek werbunku kontraktowego"
Q-0002;01;2026-09-23;"A";0.05;"średnia";"Moskwa testuje flankę poniżej progu (Ił-20, dron nad LT, flary), bo ofiara śmiertelna przyniosłaby koszt (art. 4/5) bez zysku; ryzyko pozostaje po stronie wypadku (zabłąkany dron przy uderzeniach na zach. Ukrainę).";"incydenty dronowe w PL, RO, LT; uderzenia RU przy granicy UA–PL"
Q-0003;01;2026-09-23;"A";0.35;"niska";"Waszyngton chce przerzucić koszty na Europę (opcje 25–40 tys., rekomendacja do 06.11), ale ogłoszenie decyzji netto ≥10 tys. hamują Kongres (nowy NDAA), wybory i wykorzystanie wojsk jako karty w rozmowach z Rosją; bardziej opłacalne jest przesunięcie części sił na flankę niż głośna redukcja.";"komunikat Pentagonu po 06.11; zapisy NDAA FY2027 o progu 76 tys."
Q-0004;01;2026-09-23;"A";0.18;"średnia";"Rosja ma bodziec do pokazania zdobyczy przed rozmowami i zimą, ale obecne tempo netto wg DeepState to ok. 36–150 km²/mies. (VII–IX), a Ukraina skutecznie broni się dronami; 200 km² wymagałoby przełamania, którego nie widać.";"tempo DeepState km²/tydzień; kierunek Kramatorsk–Łyman"
Q-0005;01;2026-09-23;"A";0.25;"średnia";"Pekin w fazie odprężenia z Trumpem (szczyt 24.09, wizyty wzajemne, APEC Shenzhen) nie ma interesu w nazwanych ćwiczeniach, dopóki USA trzymają pakiet 14 mld USD dla Tajwanu; równowaga przesunie się, jeśli pakiet zostanie odblokowany albo Lai wykona gest „prowokacyjny” (tranzyt przez USA).";"decyzja DSCA ws. pakietu; tranzyt Lai Ching-te"
Q-0006;01;2026-09-23;"A";0.35;"średnia";"Obie strony rozmów USA–Iran grają na podtrzymanie toru (druga runda 23.09, mapa drogowa Iranu), a Arabia Saudyjska zwiększa eksport przez Janbu i Ormuz — to utrzymuje presję w dół; powrót > 100 wymaga zerwania rozmów lub udanego ataku na infrastrukturę w 2 tygodnie.";"wynik rund USA–Iran; ataki na Janbu; OPEC+ 04.10"
Q-0007;01;2026-09-23;"A";0.12;"średnia";"120 USD wymaga eskalacji (zerwanie rozmów + uderzenia na infrastrukturę Zatoki), której żadna ze stron nie wybiera przed 03.11; po wyborach ryzyko rośnie, bo Trump grozi „szybkim końcem”, a IRGC „zmianą geografii wojny”.";"zerwanie rozmów; komunikat CENTCOM o uderzeniu; wyłączenie E-W"
Q-0008;01;2026-09-23;"A";0.15;"średnia";"< 80 USD wymaga porozumienia i faktycznego otwarcia Ormuzu, a nawet wtedy odbudowa zapasów (−507 mln bbl) i utrata mocy w Zatoce podtrzymają cenę; luka żądań (24 mld USD z góry, warunek jemeński) czyni szybkie porozumienie mało opłacalnym dla Waszyngtonu przed wyborami.";"porozumienie USA–Iran; przejścia PortWatch"
Q-0009;01;2026-09-23;"A";0.25;"niska";"Katar i Iran mają zdolność ponownego podbicia cen, ale obecna równowaga to deeskalacja rozmów; TTF > 90 wymaga zerwania toru dyplomatycznego lub zimnej zimy przy magazynach UE o 17,7 pp poniżej średniej — ten drugi czynnik leży poza soczewką.";"tor USA–Iran; siła wyższa Kataru po XI; pogoda"
Q-0010;01;2026-09-23;"A";0.40;"niska";"Soczewka mówi tu mało: wynik zależy od pogody i tempa poboru, a nie od ruchów mocarstw; przy projekcji ok. 78% na 01.11 i typowym spadku XI–XII o ok. 20–25 pp próg 55% leży w środku rozkładu, z lekką przewagą NIE dzięki wysokim cenom ograniczającym popyt.";"poziom AGSI+ 01.11; pogoda XI–XII"
Q-0011;01;2026-09-23;"A";0.72;"średnia";"Obie strony wolą przedłużenie niż eskalację: Trump potrzebuje spokoju na rynkach przed 03.11 i zakupów rolnych, Xi — oddechu dla słabej gospodarki (inwestycje −7,2%); Waszyngton odłożył cła „nadmierne moce”, Pekin trzyma dźwignię magnesów — to układ przetargowy z punktem skupienia w przedłużeniu. Równowagę przesunęłoby użycie H.R. 5334 wobec ChRL.";"komunikaty po szczycie 24.09; MOFCOM; Rada Handlu"
Q-0012;01;2026-09-23;"A";0.20;"średnia";"H.R. 5334 daje Trumpowi dźwignię (i ustawową podstawę ceł po wyroku SN ws. IEEPA), ale jej użycie uderza w rozejm z ChRL, w Indie i Turcję oraz w ceny paliw przed wyborami; opłacalne jest trzymanie groźby, a nie jej wykonanie — chyba że Rosja zablokuje rozmowy, a Indie nie ograniczą zakupów.";"termin ok. 18.10; zakupy ropy RU przez Indie i Turcję"
Q-0013;01;2026-09-23;"A";0.80;"niska";"Soczewka mówi tu mało (dane statystyczne); mechanicznie: powrót VAT na paliwa z 8% do 23% od 01.09 podniósł ceny paliw o ok. 15–20% m/m (ON 7,31 → ok. 8,8 zł/l), co przy wadze paliw ok. 5–6% dokłada ok. 0,8–1 pp do CPI z VIII (3,4%).";"szybki szacunek GUS 30.09; ceny żywności"
Q-0014;01;2026-09-23;"A";0.55;"niska";"Soczewka mówi tu mało; presja kosztowa (nawozy +10% m/m, cukier, niepewność eksportu z Morza Czarnego) trwa, a lekki spadek ropy we IX częściowo ją równoważy.";"ceny zbóż i cukru IX; mocznik"
Q-0015;01;2026-09-23;"A";0.12;"średnia";"UE przyjęła warunki (rozporządzenia z 25.06, zniesienie ceł przemysłowych), więc Waszyngton uzyskał to, czego chciał; podniesienie ponad pułap opłaca się mu tylko jako kara w nowym sporze (usługi cyfrowe, Grenlandia już rozwiązana umową 22.09).";"spory cyfrowe USA–UE; podstawa prawna ceł po s.122"
Q-0016;01;2026-09-23;"A";0.15;"średnia";"Decyduje RPP pod przewodnictwem Glapińskiego, który zapowiedział stabilizację do ok. połowy 2027; rząd z deficytem 7% PKB nie chce podwyżki, a skok CPI po VAT jest jednorazowy — zmiana wymagałaby silnej presji na PLN.";"CPI IX; projekcja NBP XI; EUR/PLN"
Q-0017;01;2026-09-23;"A";0.45;"niska";"Soczewka mówi mało (instytucja techniczna); EBC podniósł dwukrotnie i działa „z posiedzenia na posiedzenie”, a rynek wycenia ok. 3 podwyżki do połowy 2027 — spadek ropy i gazu po sygnałach z Iranu osłabia jednak argument za ruchem w X–XII.";"HICP IX–X; TTF i Brent"
Q-0018;01;2026-09-23;"A";0.10;"średnia";"Wpis banku z ChRL na SDN rozbiłby rozejm i odpowiedź Pekinu byłaby kosztowna (ziemie rzadkie); Waszyngton wybiera cele peryferyjne (spółki HK, rafinerie herbaciane) — to przesunęłoby się tylko przy załamaniu rozejmu po 10.11.";"wynik szczytu 24.09; termin 10.11; operacja Economic Outcast"
Q-0019;01;2026-09-23;"A";0.55;"niska";"Większość UE chce utrzymać presję, ale Francja, Słowacja i Węgry wymuszają ustępstwa (delisting Usmanowa i Fridmana), a propozycja KE jeszcze nie istnieje; zwykle pakiet przechodzi w 2–3 mies. po propozycji, więc termin 31.12 jest w zasięgu, jeśli propozycja pojawi się do XI.";"formalna propozycja KE; stanowisko HU i SK"
Q-0020;01;2026-09-23;"A";0.30;"średnia";"Bank Rosji zatrzymał cykl 11.09 z powodu inflacji i luźnego budżetu; Kreml chce taniego kredytu dla przemysłu, ale Nabiullina ma autonomię, a projekt budżetu 2027 z deficytem ok. 2% PKB nie daje powodu do wznowienia obniżek po jednej pauzie.";"inflacja tygodniowa RU; projekt budżetu; kurs rubla"
Q-0021;01;2026-09-23;"A";0.63;"średnia";"Zawieszenie kontroli to główne ustępstwo Pekinu w rozejmie, więc przy przedłużeniu rozejmu (Q-0011) niemal na pewno zostanie przedłużone; Pekin może jednak trzymać dźwignię do ostatniej chwili lub zastąpić zawieszenie reżimem licencji, co daje NIE mimo porozumienia.";"komunikat MOFCOM przed 10.11; eksport magnesów IX–X"
Q-0022;01;2026-09-23;"A";0.60;"średnia";"Ta sama logika co Q-0021, przesunięta o 17 dni: Ga/Ge/Sb to mniejsza karta, zwykle rozstrzygana w tym samym pakiecie; ryzyko NIE — Pekin zatrzymuje zakaz jako odpowiedź na ewentualne odblokowanie pakietu dla Tajwanu.";"decyzja ws. ziem rzadkich przed 10.11; DSCA–Tajwan"
Q-0023;01;2026-09-23;"A";0.35;"średnia";"Pekin używa listy kontroli jako szybkiej odpowiedzi (ostatnio 22.06), ale w fazie odprężenia i przed wizytą Trumpa w Shenzhen nie ma powodu do nowych wpisów; wyzwalacze to sprzedaż broni Tajwanowi lub cła z H.R. 5334.";"DSCA–Tajwan; użycie H.R. 5334; wynik szczytu"
Q-0024;01;2026-09-23;"A";0.15;"średnia";"Trump traktuje chipy jako walutę przetargową, ale Kongres (AI Overwatch Act) i jastrzębie administracji blokują Blackwell, a Pekin sam zniechęca do zakupów H200 — obie strony mają mały zysk z tej wymiany.";"wynik szczytu 24.09; decyzje BIS"
Q-0025;01;2026-09-23;"A";0.45;"niska";"Spadek w VIII (−21% m/m) wygląda na sygnał przed szczytem; IX to wciąż miesiąc przed rozstrzygnięciem szczytu, więc Pekin nie miał powodu do luzowania — rozluźnienie przyszłoby raczej w X–XI.";"dane GAC za IX (ok. 20.10)"
Q-0026;01;2026-09-23;"A";0.45;"niska";"Kreml ma bodziec do pokazywania procesu (termin H.R. 5334 ok. 18.10, rafinerie pod ostrzałem), Trump chce sukcesu, Kijów potrzebuje rozejmu energetycznego — format uzgodniony „co do zasady”; hamulcem jest twarda linia Moskwy (Rubio–Ławrow 23.09 bez przełomu, Pieskow: „brak postępów”).";"data i miejsce (Abu Zabi, Turcja); wypowiedzi Uszakowa"
Q-0027;01;2026-09-23;"A";0.10;"średnia";"Rosja kalibruje incydenty poniżej progu, a państwa flanki unikają art. 4 nawet przy dronie z ładunkiem nad Litwą (14/15.09); wniosek wymaga incydentu z ofiarami lub zniszczeniami.";"incydenty z ofiarami na flance"
Q-0028;01;2026-09-23;"A";0.35;"niska";"Obie strony mają bodziec: Iran pod blokadą i sankcjami (mapa drogowa: 60-dniowe zawieszenie broni, stopniowe otwarcie), USA — ceny paliw; lecz Trump odrzuca zniesienie blokady „przed dobrą wolą”, Iran żąda 24 mld USD z góry i warunku jemeńskiego, a IRGC nie uczestniczy — punkt równowagi to porozumienie etapowe, raczej po 03.11.";"kolejne rundy; zawieszenie blokady; stanowisko IRGC"
Q-0029;01;2026-09-23;"A";0.50;"niska";"Wzajemne wizyty zapowiedziano „w ciągu pół roku”, a APEC w Shenzhen to naturalny termin rewizyty przy przedłużonym rozejmie; przeciw — kalendarz po wyborach, możliwość osobnej wizyty państwowej w Pekinie w innym terminie i historia opuszczania szczytów APEC.";"komunikaty po szczycie 24.09; stan rozejmu przed 10.11"
Q-0030;01;2026-09-23;"A";0.30;"niska";"Trump chce szczytu kończącego wojnę, Putin — szczytu jako legitymizacji bez ustępstw; spotkanie wymaga jednak postępu w rozmowach, którego brak (Rubio–Ławrow 23.09), a precedens odwołanego Budapesztu pokazuje, że Waszyngton nie idzie na szczyt bez gotowego wyniku.";"spotkanie trójstronne; rozejm energetyczny"
Q-0031;01;2026-09-23;"A";0.15;"średnia";"Soczewka mówi mało o wyborach; układ sił: generic ballot D +7–8 i poparcie Trumpa 39% przeważają nad zyskami Republikanów z przekrojenia okręgów (np. Missouri) — utrzymanie większości wymagałoby odwrócenia nastrojów w 6 tygodni.";"średnia generic ballot; wyroki ws. map okręgów"
Q-0032;01;2026-09-23;"A";0.15;"niska";"Dla reżimu nagranie to legitymizacja, ale też ryzyko ujawnienia stanu zdrowia i lokalizacji (nagroda 10 mln USD, ranny 28.02); ponad 6 mies. wyłącznie komunikatów pisemnych wskazuje, że koszt ujawnienia przewyższa zysk — zmieniłoby to trwałe porozumienie lub kryzys sukcesyjny.";"komunikaty biura Najwyższego Przywódcy"
Q-0033;01;2026-09-23;"A";0.55;"niska";"Soczewka mówi mało; Lula ma przewagę urzędującego i prowadzi w II turze 46 vs 44 (remis statystyczny), a konsolidacja prawicy wokół F. Bolsonaro w II turze ogranicza tę przewagę.";"wynik I tury 04.10; transfery głosów Cury i Caiado"
Q-0034;01;2026-09-23;"A";0.30;"niska";"Rodríguez ma interes w odwlekaniu („to nie ja ustalam datę”), Waszyngton ma dźwignię (umowa naftowa), ale priorytetem USA jest ropa i stabilność, nie szybkie wybory; najpierw TSJ, potem CNE — data dzienna do III 2027 wymaga wyraźnego nacisku USA.";"wybór nowej CNE; stanowisko Departamentu Stanu"
Q-0035;01;2026-09-23;"A";0.08;"średnia";"Junta utrzymuje Bamako dzięki konwojom i wsparciu Africa Corps; JNIM woli oblężenie i dochód niż szturm na stolicę, a pucz wewnętrzny nie ma widocznego pretendenta — równowaga to przewlekła blokada.";"blokada paliwowa Bamako; status Africa Corps"
Q-0036;01;2026-09-23;"A";0.30;"niska";"Średnia > 40 w AIS wymaga porozumienia z otwarciem albo zgody IRGC na ruch jawny; przy porozumieniu (ok. 0,35) kolejka 434 statków szybko podniosłaby średnią, ale IRGC zarabia na „zezwoleniach” i może spowalniać otwarcie.";"zawieszenie blokady; dzienne przejścia PortWatch"
Q-0037;01;2026-09-23;"A";0.10;"średnia";"W 2 tygodnie ≥ 20 przejść w AIS wymaga szybkiego porozumienia i decyzji IRGC; Trump odmawia zniesienia blokady przed gestem Iranu, a Iran otwarcie warunkuje zniesieniem blokady — pat ruchów w tym horyzoncie.";"kolejna runda rozmów; oferta „7 dni”"
Q-0038;01;2026-09-23;"A";0.32;"niska";"Blokada to główna dźwignia USA i pierwszy warunek Iranu; Waszyngton odda ją tylko w pakiecie (np. 60-dniowe zawieszenie broni z otwarciem) — prawdopodobieństwo bliskie porozumieniu z Q-0028, nieco niższe, bo USA mogą chcieć otwarcia przed zawieszeniem.";"rozmowy USA–Iran; oświadczenia Trumpa o „dobrej woli”"
Q-0039;01;2026-09-23;"A";0.35;"niska";"Soczewka nic tu nie mówi — decyduje hydrologia jeziora Gatún; ACP ma bodziec ekonomiczny do podniesienia limitu przy popycie z eksportu energii USA, ale dopiero gdy pozwoli poziom wody.";"poziom jeziora Gatún; opady X"
Q-0040;01;2026-09-23;"A";0.40;"niska";"Rosja utrzymuje presję hybrydową na Bałtyku, a flota cieni zimą zwiększa ryzyko „wleczonych kotwic”; państwa nadbałtyckie po serii 2024–25 szybko wszczynają postępowania — w półroczu obejmującym zimę to realny scenariusz.";"incydenty z kotwicami; zatrzymania statków floty cieni"
Q-0041;01;2026-09-23;"A";0.05;"wysoka";"Trwają rundy rozmów (22–23.09), 15 okresów bez uderzeń, a przed wyborami Trump nie zyskuje na eskalacji podnoszącej ceny paliw; uderzenie wymagałoby prowokacji IRGC z ofiarami amerykańskimi.";"komunikaty CENTCOM; atak na siły USA"
Q-0042;01;2026-09-23;"A";0.55;"niska";"Obie strony i mediatorzy (Katar, Pakistan, Egipt) podtrzymują tor — druga runda 23.09, Iran złożył mapę drogową, która wymaga odpowiedzi USA; po zakończeniu tygodnia ZO ONZ spotkanie delegacji wymaga jednak nowego miejsca (Doha, Islamabad) i decyzji Teheranu przy sprzeciwie IRGC.";"zapowiedź kolejnej rundy przez Katar lub strony"
Q-0043;01;2026-09-23;"A";0.40;"niska";"Huti prowadzą własną wojnę z Arabią Saudyjską i mają dźwignię (wyczerpane przechwytujące KSA, USA odmawiają uderzeń); atak na Rijad 19.09 pokazał zdolność, ale od 21.09 brak startów — Iran może hamować Huti w czasie rozmów, w których warunek jemeński jest kartą.";"starty z Jemenu; ofensywa w środkowym Jemenie"
Q-0044;01;2026-09-23;"A";0.20;"niska";"Trump i Nawrocki mają interes w ogłoszeniu (sukces przed wyborami, „Fort Trump”), ale Pentagon powiąże lokalizację z przeglądem postawy sił (06.11), a Warszawa nie ma dźwigni, by przyspieszyć — „bardzo wkrótce” Trumpa rzadko znaczy 2 tygodnie.";"wypowiedzi MON i Białego Domu; przegląd postawy sił"
Q-0045;01;2026-09-23;"A";0.25;"niska";"Rosja nie celuje w Polskę, ale zmasowane uderzenia na zachodnią Ukrainę co kilka dni niosą ryzyko wlotu drona; naruszenia przestrzeni RP w 2026 są rzadsze niż w IX 2025, a w ostatnich tygodniach odnotowano tylko poderwania prewencyjne.";"uderzenia RU na obw. lwowski i wołyński; komunikaty DO RSZ"
Q-0046;01;2026-09-23;"A";0.50;"niska";"Pjongjang reaguje startami na ćwiczenia USA–ROK i utrzymuje rytm testów (12.09, 20.09); przed rocznicą partii (10.10) i przy zaangażowaniu USA na Bliskim Wschodzie ma swobodę, ale 14 dni to krótkie okno.";"ćwiczenia USA–ROK; KCNA"
Q-0047;01;2026-09-23;"A";0.40;"niska";"W okresie szczytu Pekin obniża aktywność lotniczą (2026: o ok. 52% r/r; przy szczycie V — ok. 3/dobę), ale utrzymuje patrole gotowości bojowej (19.05 — 24 samoloty; początek IX — 20); dzień ≥ 20 jest możliwy jako sygnał po szczycie, jeśli Tajwan nie zniknie z agendy.";"raporty dobowe MON Tajwanu; wynik szczytu ws. Tajwanu"
Q-0048;01;2026-09-23;"A";0.35;"niska";"Tor dyplomatyczny USA–Iran i spadek premii za ryzyko spychają TTF w dół (71–74 EUR/MWh 22.09); powrót > 75 w 2 tygodnie wymaga złych wiadomości z Zatoki lub zimnej prognozy pogody.";"rozmowy USA–Iran; pogoda; nominacje norweskie"
Q-0049;01;2026-09-23;"A";0.70;"niska";"Soczewka nic tu nie mówi; mechanicznie: przy tłoczeniu ok. 0,25–0,33 pp/dobę (19.09 → 22.09: +0,99 pp) do przekroczenia 73,0% w 14 dni wystarczy średnio ok. 0,2 pp/dobę, choć tempo zwykle słabnie w X.";"tłoczenie 7-dniowe AGSI+"
Q-0050;01;2026-09-23;"A";0.30;"niska";"Cenę hurtową ustala Orlen kontrolowany przez państwo, a rząd po zakończeniu CPN ma polityczny interes, by ON nie przekroczył psychologicznego progu 9 zł; spadek Brent poniżej 100 USD działa w tę samą stronę, wysoka marża diesla — przeciwnie.";"ceny hurtowe Orlen; Brent; marże diesla"
Q-0051;01;2026-09-23;"A";0.30;"niska";"Dla Arabii Saudyjskiej (produkcja 5,97 mln b/d przy kwocie 10,48) podwyżka kwot jest pusta, a dla Rosji niekorzystna przy spadającej cenie; gest wobec Trumpa (tańsze paliwa przed wyborami) jest możliwy, ale siódemka wstrzymała podwyżki w X, a Brent spada bez jej pomocy.";"Brent przed 04.10; stanowisko Nowaka; komunikat OPEC"
Q-0052;01;2026-09-23;"A";0.45;"niska";"Soczewka mówi mało; kurs 4,3463 (22.09) tuż pod progiem, RPP 07.10 bez zmian, a spadek awersji do ryzyka po sygnałach z Iranu wspiera złotego — lekka przewaga NIE.";"awersja do ryzyka; decyzja RPP 07.10"
Q-0053;01;2026-09-23;"A";0.50;"niska";"Decyduje MinFin pod presją Kremla: obrona „najważniejszym zadaniem” ciągnie deficyt w górę, a cel wiarygodności („ok. 2%”, cena odcięcia 50 USD) — w dół; zapowiedź leży dokładnie na progu, a projekt niemal na pewno wpłynie do Dumy do 01.10.";"projekt po posiedzeniu rządu 24.09; nota objaśniająca MinFin"
Q-0054;01;2026-09-23;"A";0.85;"średnia";"Wynik kontroluje w praktyce administracja Kremla i CKW; Sprawiedliwa Rosja to lojalna partia systemowa, której obecność w Dumie służy Kremlowi (pluralizm fasadowy), a wynik rósł z postępem liczenia do 5,00% — ostateczny protokół najpewniej to utrwali.";"wyniki ostateczne CKW 25.09"
Q-0055;01;2026-09-23;"A";0.75;"niska";"Soczewka mówi mało; Zjednoczona Lista (partia premiera) prowadzi w SKDS z VIII z wyraźną przewagą (23,6% wśród zdecydowanych vs 17,1% dla SV), a 22,5% niezdecydowanych to główne ryzyko.";"sondaże z IX; frekwencja"
Q-0056;01;2026-09-23;"A";0.08;"średnia";"Soczewka mówi mało; Lula ma 38–39% ogółu wskazań, co po odjęciu głosów nieważnych i niezdecydowanych daje ok. 43–45% ważnych — do ponad 50% brakuje ok. 5–7 pp przy spolaryzowanym elektoracie.";"ostatnie sondaże przed 04.10"
Q-0057;01;2026-09-23;"A";0.12;"średnia";"Waszyngton odłożył raport „nadmierne moce” właśnie na po szczycie jako kartę; tuż po przyjęciu Xi i w trakcie negocjacji o przedłużeniu rozejmu opłaca się dalsze trzymanie groźby, nie jej realizacja.";"wynik szczytu 24.09; publikacje USTR"
Q-0058;01;2026-09-23;"A";0.45;"niska";"Szczyt 24.09 to naturalny moment ogłoszenia przedłużenia (Trump lubi ogłaszać „umowy”, Pekin chce przewidywalności), ale Chiny wolą trzymać dźwignię do terminu 10.11, a analitycy nie oczekują przełomu — formalne ogłoszenie obu rządów w 2 tygodnie to mniej niż połowa szans pełnego przedłużenia do 10.11.";"wspólny komunikat po 24.09; MOFCOM"
Q-0059;01;2026-09-23;"A";0.15;"niska";"Obie strony mają interes w rozejmie energetycznym przed zimą (Ukraina — sieć, Rosja — rafinerie, > 45% mocy wg SG ZSU), ale Kreml wiąże go ze zniesieniem sankcji na przewozy, a ich zakres rozumieją inaczej; oficjalne potwierdzenie obu stron w 2 tygodnie wymaga ustępstwa USA ws. sankcji.";"rozmowy USA–RU; uderzenia na rafinerie i sieć"
Q-0060;01;2026-09-23;"A";0.55;"niska";"OFAC w kampanii „Economic Outcast” regularnie wpisuje firmy z HK i ChRL za Iran, ale od 19.09 wstrzymał działania na czas szczytu; po szczycie administracja może wrócić do rytmu (presja na Iran w czasie rozmów), choć celowanie w chińskie podmioty tuż po wizycie Xi ma koszt.";"OFAC Recent Actions; tor USA–Iran"
Q-0061;01;2026-09-23;"A";0.25;"niska";"Administracja Trumpa rzadko sankcjonuje Rosję w trakcie rozmów, bo chroni kanał z Kremlem; H.R. 5334 wymusza działania do ok. 18.10, ale Biały Dom zwykle działa przy terminie lub go omija — okno do 07.10 jest przed terminem.";"termin 30 dni H.R. 5334; wynik Rubio–Ławrow"
Q-0062;01;2026-09-23;"A";0.45;"niska";"Huti prowadzą wojnę z Arabią Saudyjską, kontrolują całe wybrzeże i ogłosili blokadę od 20.07, więc ataki na statki powiązane z KSA są dla nich opłacalne; brak danych o atakach w IX sugeruje jednak, że blokada działa bardziej przez odstraszanie niż przez ostrzał.";"komunikaty UKMTO/JMIC; eskalacja Huti–KSA"
Q-0063;01;2026-09-23;"A";0.45;"niska";"IRGC zarabia na „zezwoleniach” i egzekwuje je ostrzałem (21.09 — dwa tankowce), a ataki „bez sprawcy” pozwalają zachować rozmowy; w trakcie rund z USA MSZ może jednak hamować IRGC — wynik zależy od sporu frakcji.";"komunikaty UKMTO; stan rozmów"
Q-0064;01;2026-09-23;"A";0.25;"niska";"Kijów jest gotów podpisać, ale Waszyngton traktuje umowę dronową jako kartę w rozmowach z Rosją i Ukrainą — źródła CBS: podpis „później, gdy USA będą gotowe”; okno ZO ONZ minęło bez podpisu.";"komunikat Pentagonu lub Biura Prezydenta UA"
Q-0065;01;2026-09-23;"A";0.25;"niska";"Przed 03.11 eskalacja się Trumpowi nie opłaca, ale po wyborach groźba „wszystko skończy się bardzo szybko” staje się wiarygodna, jeśli Iran nie ustąpi; IRGC ma bodziec do prowokacji, by zablokować porozumienie MSZ.";"zerwanie rozmów; atak na siły USA; wynik wyborów 03.11"
Q-0066;01;2026-09-23;"A";0.30;"niska";"Soczewka mówi mało; FOMC sygnalizuje kolejną podwyżkę w 2026 (16/18), ale posiedzenie tydzień przed wyborami przy presji Białego Domu i spadku cen ropy sprzyja odłożeniu ruchu do XII.";"CPI i PCE IX; Brent"
Q-0067;01;2026-09-23;"A";0.30;"niska";"Soczewka nic tu nie mówi; projekcja ok. 78,2% na 01.11 i słabnące tempo tłoczenia w X wskazują NIE, choć ostatnie 3 dni (+0,33 pp/dobę) dają ścieżkę do ok. 80%.";"tłoczenie 7-dniowe; spread lato–zima"
Q-0068;01;2026-09-23;"A";0.25;"niska";"Trump odmówił KSA uderzeń na Huti, bo w trakcie rozmów z Iranem i przed wyborami nie chce nowego frontu; zmiana wymaga ataku Huti na okręty USA lub załamania rozmów z Iranem po 03.11.";"ataki Huti na siły USA; tor USA–Iran"
Q-0069;01;2026-09-23;"A";0.15;"średnia";"Pakiet 14 mld USD wstrzymany od 23.05 to karta Trumpa wobec Xi; do APEC w Shenzhen (18–19.11) i przy przedłużaniu rozejmu opłaca się go trzymać — odblokowanie nastąpiłoby przy załamaniu relacji lub silnej presji Kongresu.";"wynik szczytu 24.09; rozejm 10.11; notyfikacje DSCA"
Q-0070;01;2026-09-23;"A";0.30;"niska";"Soczewka mówi mało; Fitch ma perspektywę negatywną, a rząd przed wyborami 2027 nie konsoliduje (deficyt 7,1% PKB w projekcie 2027, obrona 4,5% PKB) — obniżka przy przeglądzie Fitch jest realna, S&P (stabilna) raczej nie ruszy.";"kalendarz przeglądów Fitch i S&P; budżet 2027"
Q-0071;01;2026-09-23;"A";0.20;"niska";"Belgia i Euroclear blokują, bo ponoszą ryzyko prawne, a pożyczka 90 mld EUR pokrywa 2026–27; presja wzrośnie przy luce 2027 (32,6 mld USD), ale bez gwarancji innych państw dla Belgii równowaga to „koncepcja, nie plan”.";"stanowisko Belgii; luka finansowa UA 2027"
Q-0072;01;2026-09-23;"A";0.12;"średnia";"Baku warunkuje podpis zmianą konstytucji Armenii, a Paszynian nie ma większości konstytucyjnej, referendum dopiero w 2027; Alijew nie ma powodu podpisywać wcześniej, bo czas działa na jego korzyść.";"data referendum w Armenii; postęp TRIPP"
Q-0073;01;2026-09-23;"A";0.10;"średnia";"Rosja chce Kramatorska i Słowiańska jako celu wojny, ale obecne tempo (ok. 36–150 km²/mies.) i obrona dronowa nie dają zdolności zdobycia całego miasta aglomeracji w 9 mies.; zmieniłoby to załamanie obrony pod Kostiantynówką i Łymanem.";"mapy ISW i DeepState; droga Dobropole–Kramatorsk"
Q-0001;01;2026-09-23;"B";0.03;"średnia";"Dekrety o mobilizacji w RU w czasie tej wojny: 1 w ok. 55 mies. → λ ≈ 0,018/mies.; t = 3,3 mies. → ok. 0,06; kor. w dół: werbunek kontraktowy trwa, SQ silne.";"akty o rezerwie na pravo.gov.ru"
Q-0002;01;2026-09-23;"B";0.05;"średnia";"Ofiary śmiertelne od rosyjskich dronów/pocisków na terytorium NATO od 02.2022: 0 zdarzeń w ok. 43 mies. (reguła Laplace’a ≈ 2%/mies.) → 3,3 mies. ≈ 0,07; kor. w dół — brak zdarzenia mimo wielu incydentów.";"incydenty dronowe PL/RO/LT"
Q-0003;01;2026-09-23;"B";0.35;"niska";"Formalne przeglądy postawy USA z opcjami redukcji: 2020 (ogłoszono 12 tys. z DE w ok. 2 mies.), V 2026 (5 tys. z DE); przeglądy często kończą się decyzją, ale ≥10 tys. netto i „decyzja, nie opcja” w 6 mies. zawężają; CB ok. 0,4 → kor. w dół (Kongres, §1249, wybory).";"komunikat Pentagonu po 06.11"
Q-0004;01;2026-09-23;"B";0.15;"średnia";"Miesięczny przyrost netto RU wg DeepState w 2026: VI 84, VII 36–88, VIII ok. 50, 17.08–14.09 ok. 150 km² — 0 z 4 ostatnich miesięcy > 200 → CB ok. 0,1; kor. w górę o sezon jesiennych ofensyw.";"tygodniowe dane DeepState w X"
Q-0005;01;2026-09-23;"B";0.35;"niska";"Nazwane ćwiczenia PLA wokół Tajwanu 2023–2025: ok. 1,7/rok → 6 mies. ≈ 0,57; kor. w dół: brak takich ćwiczeń w 2026 do IX, szczyty i wzajemne wizyty przywódców (APEC Shenzhen XI).";"decyzja DSCA; tranzyty prezydenta Tajwanu"
Q-0006;01;2026-09-23;"B";0.45;"średnia";"Błądzenie losowe: Brent 99,25 (22.09), próg +0,8%; σ roczna ok. 45% (rynek wojenny) → 10 sesji σ ≈ 9% → z ≈ 0,08 → 0,47; kor. lekko w dół (5 sesji spadków, sygnały deeskalacji).";"Brent 06.10"
Q-0007;01;2026-09-23;"B";0.25;"niska";"Próg +19% w ok. 68 sesjach; σ 35–45% → σ_t 0,22–0,28 → prawdopodobieństwo dotknięcia 0,38–0,50; kor. w dół: rozliczenie dzienne (nie intraday), powrót do średniej po szczycie IX, tor rozmów USA–Iran.";"Brent; ataki na Janbu/E-W"
Q-0008;01;2026-09-23;"B";0.30;"niska";"Próg −19% w ok. 68 sesjach; ten sam model → 0,33–0,44; kor. w dół: spadek do < 80 wymaga faktycznego otwarcia Ormuzu (IEA: ubytek > 10 mln b/d).";"porozumienie USA–Iran; PortWatch"
Q-0009;01;2026-09-23;"B";0.35;"niska";"TTF ok. 72 → próg +22%; σ roczna ok. 55% → σ_t ≈ 0,34 → dotknięcie ≈ 0,5; kor. w dół (szczyt IX 84 nie przebił 90, powrót do średniej), częściowo w górę (zima, magazyny −17,7 pp vs średnia).";"TTF; siła wyższa Kataru po XI"
Q-0010;01;2026-09-23;"B";0.25;"średnia";"Spadek zapełnienia UE 01.11→01.01 w latach 2021–2025: 12–24 pp (2 z 5 lat ≥ 23 pp); start ok. 78% → < 55% wymaga spadku > 23 pp → CB ok. 0,3; kor. lekko w dół (wysokie ceny tłumią popyt).";"AGSI+ 01.11; prognozy temperatur XII"
Q-0011;01;2026-09-23;"B";0.75;"średnia";"Terminy rozejmów celnych USA–ChRL 2025: 2 z 2 przedłużone w terminie (VIII 2025, XI 2025) → Laplace 0,75; kor. brak (szczyt 24.09 i Rada Handlu wspierają, brak postępu ws. ziem rzadkich hamuje).";"wspólny komunikat po 24.09"
Q-0012;01;2026-09-23;"B";0.15;"niska";"Nowe dyskrecjonalne upoważnienia sankcyjne Kongresu (CAATSA 2017 — pierwsze użycie wobec państwa trzeciego po ok. 3 latach) rzadko używane w 3 mies.; precedens przeciwny: cło 25% na Indie za ropę RU (VIII 2025, IEEPA) → CB ok. 0,15; kor. brak.";"decyzja ok. 18.10"
Q-0013;01;2026-09-23;"B";0.85;"wysoka";"Mechanika: VAT na paliwa 8% → 23% od 01.09 (koniec CPN), ceny ON/Pb95 IX vs VIII ok. +15–20%, waga paliw ok. 5–6% → ok. +0,8–1,0 pp r/r do 3,4% z VIII; ekonomiści (Erste) oczekują > 3,5%; kor. w dół o ryzyko spadku cen żywności i energii.";"szybki szacunek GUS 30.09"
Q-0014;01;2026-09-23;"B";0.55;"niska";"Znak miesięcznej zmiany FFPI: ok. 50/50 z dodatnią autokorelacją; trend wzrostowy (VIII +1,9%, najwyżej od XI 2022) → 0,55.";"FFPI 02–09.10"
Q-0015;01;2026-09-23;"B";0.12;"niska";"Umowy celne USA z partnerami 2025–2026: zerwania z podwyżką ponad pułap rzadkie mimo gróźb; CB dla 6 mies. ok. 0,15; kor. w dół (pułap od 01.07.2026, UE zniosła cła przemysłowe).";"zawiadomienia USTR"
Q-0016;01;2026-09-23;"B";0.10;"średnia";"RPP przy wskazówce prezesa „stabilizacja do połowy 2027” rzadko zmienia stopy w kolejnych 3 posiedzeniach; CB ok. 0,1; inflacja do ok. 4% (prognozy PKO, Pekao) nie zmienia kierunku wskazówki.";"CPI IX–X; komunikat RPP 07.10"
Q-0017;01;2026-09-23;"B";0.45;"niska";"Dwa punkty odniesienia rozbieżne: ekonomiści — 2,50% to koniec cyklu; kontrakty terminowe — ok. 3 podwyżki do poł. 2027 (tj. co najmniej jedna do XII bardziej niż mniej prawdopodobna) → średnia ≈ 0,45.";"HICP IX–X; posiedzenie 29.10"
Q-0018;01;2026-09-23;"B";0.08;"średnia";"Wpisy banków z ChRL kontynentalnej na SDN: pojedyncze przypadki w ciągu dekady (Bank of Kunlun 2012, Dandong 2017) → 6 mies. ≈ 0,05; kor. w górę o wojnę z Iranem i H.R. 5334, w dół o rozejm z ChRL.";"działania OFAC wobec ChRL"
Q-0019;01;2026-09-23;"B";0.50;"średnia";"Pakiety UE: 21 w ok. 55 mies. (co ok. 2,6 mies.); od propozycji KE do przyjęcia zwykle 1–3 mies.; propozycji brak, zapowiedź „nie wcześniej niż koniec X” → ok. 0,5 do 31.12.";"formalna propozycja KE"
Q-0020;01;2026-09-23;"B";0.25;"średnia";"Po pierwszej pauzie w cyklu obniżek banki centralne częściej utrzymują stopę na kolejnym posiedzeniu; konsensus (SberCIB): utrzymanie 14% w X → 0,25.";"inflacja RU IX; oczekiwania inflacyjne"
Q-0021;01;2026-09-23;"B";0.70;"średnia";"Zawieszenie kontroli z 09.10.2025 przedłużone w XI 2025 razem z rozejmem; klasa jak Q-0011 (0,75); kor. lekko w dół — brak postępu ws. ziem rzadkich w rundzie 20.09 i spadek eksportu magnesów.";"ogłoszenie MOFCOM przed 10.11"
Q-0022;01;2026-09-23;"B";0.72;"średnia";"Jak Q-0021, dłuższy termin (27.11) i mniejszy koszt dla Pekinu (licencje, zakaz wojskowy zostaje).";"ogłoszenie MOFCOM"
Q-0023;01;2026-09-23;"B";0.50;"niska";"Wpisy MOFCOM podmiotów z USA: w 2025 ok. 6 serii, w 2026 znane 22.06 → λ ok. 3–4/rok → 3,3 mies. ≈ 0,6; kor. w dół za rozejm i szczyt (wpisy 2026 były reakcją na listę 1260H i sprzedaż broni).";"decyzja DSCA ws. Tajwanu; lista 1260H"
Q-0024;01;2026-09-23;"B";0.15;"niska";"Zapowiedzi dopuszczenia okrojonego Blackwella do ChRL (2025–2026) — żadna nie przeszła w decyzję; H200 dopuszczony dopiero po ok. roku dyskusji → CB ok. 0,1; kor. w górę o szczyt 24.09 (Huang na kolacji).";"komunikaty BIS/Nvidia"
Q-0025;01;2026-09-23;"B";0.60;"niska";"Miesięczne zmiany eksportu magnesów ~50/50; VIII 512 t było dołkiem (−21% m/m, VII 647 t), a średnia I–VIII rośnie r/r +23% → powrót do średniej sprzyja TAK.";"dane GAC ok. 20.10"
Q-0026;01;2026-09-23;"B";0.45;"niska";"Spotkania trójstronne w 2026: kilka rund w I półroczu, od tamtej pory przerwa; przy rytmie ok. 0,4/mies. → 2,2 mies. ≈ 0,6; kor. w dół — Kreml: „brak postępów”, brak daty i miejsca.";"ogłoszenie daty przez Kreml i BP"
Q-0027;01;2026-09-23;"B";0.12;"średnia";"Wnioski z art. 4: 9 od 1949, ale 3 zdarzenia w 2022–2025 (ok. 0,65/rok) → 3,3 mies. ≈ 0,16; kor. w dół — brak wniosku w 2026 mimo incydentu z dronem nad LT.";"incydent z ofiarami/uszkodzeniami"
Q-0028;01;2026-09-23;"B";0.25;"niska";"Porozumienia w aktywnych konfliktach zbrojnych z mediacją w 3 mies.: CB ok. 0,15–0,2; kor. w górę — strony zawarły już porozumienie tymczasowe (VI 2026), rozmowy wznowione 22.09.";"druga runda rozmów z datą"
Q-0029;01;2026-09-23;"B";0.60;"średnia";"Osobisty udział prezydenta USA w szczytach APEC 2017–2025: ok. 5 z 9 (w latach bez pandemii ok. 60%); kor. brak (zapowiedziane „wzajemne wizyty” wspierają, wybory 03.11 i napięcia mogą zmienić plan).";"potwierdzenie Białego Domu"
Q-0030;01;2026-09-23;"B";0.25;"niska";"Spotkania Trump–Putin w obecnej kadencji: 1 (Alaska VIII 2025) w ok. 20 mies., drugie (Budapeszt) odwołane → λ ≈ 0,05/mies. → 6 mies. ≈ 0,26.";"termin rozmów trójstronnych"
Q-0031;01;2026-09-23;"B";0.12;"średnia";"Wybory połówkowe przy generic ballot +7–8 dla opozycji i poparciu prezydenta ok. 39%: partia prezydenta niemal zawsze traci Izbę (2006, 2018) → CB ok. 0,1; kor. lekko w górę o zmiany map okręgów (Missouri, inne).";"średnia generic ballot X"
Q-0032;01;2026-09-23;"B";0.12;"niska";"Przywódcy nieobecni publicznie > 6 mies. po ranach: powrót nagrania rzadki, hazard spada z czasem (brak nagrania od 09.03) → ok. 0,1 dla 3 mies.";"nagranie IRIB"
Q-0033;01;2026-09-23;"B";0.57;"średnia";"Ubiegający się o reelekcję prezydenci Brazylii: 3 z 4 wygrali (1998, 2006, 2014; 2022 przegrana) → 0,75; sondaż II tury 46–44 (remis statystyczny) → ok. 0,58; kor. brak.";"sondaże II tury po 04.10"
Q-0034;01;2026-09-23;"B";0.35;"niska";"Reżimy przejściowe pod presją zewnętrzną zwykle ogłaszają datę wyborów po utworzeniu nowej komisji wyborczej; CNE i TSJ w trakcie wymiany (opozycja: przed końcem 2026) → ok. 0,35 w 6 mies.";"skład nowej CNE"
Q-0035;01;2026-09-23;"B";0.10;"niska";"Roczny hazard utraty władzy przywódcy junty w Sahelu przy oblężeniu stolicy ok. 15–20% → 6 mies. ≈ 0,1.";"stan blokady paliwowej Bamako"
Q-0036;01;2026-09-23;"B";0.20;"niska";"Średnia 7-dn. > 40 wymaga wznowienia jawnego ruchu (dziś 1–8/dobę w PortWatch) → warunkowo ≈ porozumienie (Q-0028, 0,25) × czas na odbudowę ruchu; plus mała szansa otwarcia de facto → 0,2.";"PortWatch dzienny"
Q-0037;01;2026-09-23;"B";0.12;"niska";"W PortWatch ostatnie odczyty dobowe 6, 8, 1 (06.09–20.09) — żaden ≥ 20; skok w 14 dni wymaga zmiany reżimu cieśniny → ok. 0,1.";"PortWatch; oferta „7 dni”"
Q-0038;01;2026-09-23;"B";0.22;"niska";"Zawieszenie blokady jako warunek wstępny Iranu → blisko Q-0028; blokady morskie rzadko znoszone bez porozumienia → 0,22.";"komunikat CENTCOM"
Q-0039;01;2026-09-23;"B";0.10;"średnia";"Susza 2023–24: ograniczenia ACP zaostrzano przez porę deszczową i luzowano dopiero wiosną; teraz El Niño do 2027, opady −34%, zanurzenie obniżane 01.10 → 0,1.";"poziom jeziora Gatun"
Q-0040;01;2026-09-23;"B";0.75;"średnia";"Zimy 2023/24, 2024/25, 2025/26: w każdej co najmniej jedno uszkodzenie kabla/rurociągu na Bałtyku ze śledztwem (Balticconnector, Eagle S, Fitburg) → 3 z 3 (Laplace 0,8); okno obejmuje sezon X–III; kor. lekko w dół (wzmocnione patrole).";"incydenty kotwiczne floty cieni"
Q-0041;01;2026-09-23;"B";0.08;"średnia";"Przerwy w uderzeniach USA na Iran: seria 15 okresów bez uderzeń i trwający kanał rozmów; hazard wznowienia ok. 4–5% na 2 tyg. (zob. Q-0065) → 0,08 z dodatkiem na groźbę „albo porozumienie, albo szybko”.";"komunikat CENTCOM"
Q-0042;01;2026-09-23;"B";0.45;"niska";"Aktywne tory rozmów USA–Iran z mediatorem (IV–V 2025, Oman): rundy co ok. 7–14 dni → 14 dni ≈ 0,6–0,7; kor. w dół: poprzednia przerwa trwała ok. 3 mies., koniec tygodnia ZO ONZ, brak daty i miejsca.";"ogłoszenie Kataru/Pakistanu"
Q-0043;01;2026-09-23;"B";0.35;"niska";"Potwierdzone ataki Huti na Rijad: 1 w tej eskalacji (19.09), ataki na inne miasta saudyjskie częstsze; λ dla Rijadu trudne do oszacowania z 1 obserwacji (Laplace dla okien 14-dniowych od wojny o Jemen ≈ 0,2–0,4) → 0,35.";"komunikaty koalicji (SPA)"
Q-0044;01;2026-09-23;"B";0.20;"niska";"Zapowiedzi „bardzo wkrótce” w sprawach baz i umów (np. „Fort Trump” 2018–2019 bez lokalizacji przez ponad rok) zwykle przesuwają się o miesiące → 14 dni ≈ 0,2.";"komunikat MON/Pentagonu"
Q-0045;01;2026-09-23;"B";0.15;"średnia";"Potwierdzone przez DO RSZ naruszenia przestrzeni RP z kierunku RU/BY: kilka rocznie (2022–2025) → λ ok. 4–6/rok → 14 dni ≈ 0,15–0,2; kor. brak.";"naloty RU na zach. Ukrainę"
Q-0046;01;2026-09-23;"B";0.45;"średnia";"Starty rakiet balistycznych KRLD w 2026: ok. 13 w ok. 38 tyg. (0,34/tydz.) → 2 tyg. λ ≈ 0,68 → 0,49; kor. lekko w dół — dwa starty właśnie wykonane (12.09, 20.09), starty grupują się.";"komunikaty JCS"
Q-0047;01;2026-09-23;"B";0.40;"niska";"Dni z ≥ 20 samolotami PLA w 2026 (aktywność lotnicza o połowę niższa r/r; VIII — 171 samolotów w miesiącu; 05.09 — 20): ok. 1–3 dni/mies. → 14 dni ≈ 0,4–0,6; kor. w dół — precedens V 2026 (spadek do ok. 3/dobę przy szczycie).";"raporty dobowe MON Tajwanu"
Q-0048;01;2026-09-23;"B";0.37;"średnia";"Błądzenie losowe: TTF ok. 72,5 (22.09), próg +3,4%; σ roczna ok. 55% → 10 sesji σ ≈ 11% → z ≈ 0,3 → 0,38; kor. brak.";"TTF 06.10"
Q-0049;01;2026-09-23;"B";0.60;"średnia";"Ekstrapolacja: 22.09 70,3%, tłoczenie 7-dn. 2790 GWh/d ≈ 0,25 pp/d (pojemność ok. 1130 TWh) → 06.10 ≈ 73,8%; projekcja do 01.11 (78,2%) daje ok. 0,2 pp/d → 73,1% — próg na granicy, tempo z 19–22.09 wyższe → 0,6.";"AGSI+ dziennie"
Q-0050;01;2026-09-23;"B";0.35;"niska";"Ceny detaliczne ON zmieniają się tydzień do tygodnia o kilka–kilkanaście gr; 8,89 (16.09), szacunki 22.09 8,79–9,03; hurt podąża za Brent, który spadł o ok. 5 USD → 0,35.";"hurt Orlen ON"
Q-0051;01;2026-09-23;"B";0.30;"niska";"Decyzje grupy dobrowolnych cięć: seria podwyżek do końca 2025, potem pauzy; ostatnia decyzja (06.09) — bez zmian; decyzje wykazują trwałość → 0,3.";"komunikat OPEC 04.10"
Q-0052;01;2026-09-23;"B";0.47;"średnia";"Błądzenie losowe: EUR/PLN 4,3463 (22.09), próg +0,09%; σ roczna ok. 5% → 11 sesji σ ≈ 1% → z ≈ 0,08 → 0,47.";"kurs NBP 07.10"
Q-0053;01;2026-09-23;"B";0.45;"niska";"Zapowiedź „ok. 2% PKB” (ok. 4,8 bln RUB); przy PKB 2027 ok. 240–250 bln RUB daje 1,9–2,0% — próg na zapowiadanej wartości; wniesienie do Dumy do 01.10 jest regułą ustawową (CB > 0,95) → ok. 0,45.";"nota objaśniająca MinFin"
Q-0054;01;2026-09-23;"B";0.68;"średnia";"Trend doliczania: 4,96% przy 95,39% protokołów → 5,00% przy 96,95% (+0,04 pp na 1,56 pp protokołów); ekstrapolacja na pozostałe 3% → ok. 5,08% → TAK bardziej prawdopodobne; kor. w dół o niepewność składu późnych protokołów.";"protokół CKW 25.09"
Q-0055;01;2026-09-23;"B";0.88;"średnia";"Liderzy sondaży z przewagą ok. 10 pp tydzień przed wyborami na Łotwie (2018, 2022) wygrywali liczbę mandatów; średnia sondaży 22.09: AS 22,9% vs 12,7% drugiej partii → 0,88.";"wyniki CVK 03–04.10"
Q-0056;01;2026-09-23;"B";0.04;"wysoka";"Datafolha (IX): Lula ok. 43% głosów ważnych w I turze; błąd sondaży I tury w Brazylii zwykle ≤ 3–5 pp → > 50% prawie wykluczone.";"sondaże ostatniego tygodnia"
Q-0057;01;2026-09-23;"B";0.12;"niska";"Publikacje odkładane „do czasu po szczycie” zwykle przesuwają się o tygodnie lub miesiące po udanym szczycie; 14 dni → 0,12.";"Federal Register / USTR"
Q-0058;01;2026-09-23;"B";0.45;"niska";"Szczyty przywódców USA–ChRL z przygotowanym pakietem (Busan X 2025 — rozejm ogłoszony przez obie strony w ciągu 2 dni) → CB ok. 0,6; kor. w dół — analitycy „nie oczekują przełomu”, termin 10.11 daje czas.";"komunikaty po 24–25.09"
Q-0059;01;2026-09-23;"B";0.10;"średnia";"Obustronnie potwierdzone moratoria energetyczne RU–UA: 1 (III 2025) mimo wielu prób; obecnie sprzeczne sygnały i warunek sankcyjny Kremla → 14 dni ≈ 0,1.";"komunikaty Kremla i BP"
Q-0060;01;2026-09-23;"B";0.68;"średnia";"Działania OFAC wobec Iranu we IX: 5 w 2 tyg. (04–17.09), większość z podmiotami z ChRL/HK → 14 dni ≈ 0,85; kor. w dół — pauza od 19.09 w okresie wizyty Xi.";"Recent Actions OFAC"
Q-0061;01;2026-09-23;"B";0.15;"średnia";"Nowe wpisy OFAC w programie rosyjskim w 2026: rzadkie (znane 08.01, 11.06), równocześnie usunięcia → λ ≈ 0,3/mies. → 14 dni ≈ 0,13; kor. lekko w górę o terminy wykonawcze H.R. 5334.";"Recent Actions OFAC"
Q-0062;01;2026-09-23;"B";0.45;"niska";"Incydenty UKMTO w akwenach Morza Czerwonego/Adenu w VII–VIII 2026 (ataki i abordaże): ok. 2–3/mies. → 14 dni ≈ 0,6–0,7; kor. w dół — brak znalezionych incydentów we IX.";"komunikaty UKMTO/JMIC"
Q-0063;01;2026-09-23;"B";0.40;"niska";"Trafienia statków w Zatoce/Ormuzie w tej wojnie: seria, ostatnio 21.09 (2 tankowce) po okresie ciszy; brak pełnej statystyki → 14 dni ok. 0,4.";"komunikaty UKMTO"
Q-0064;01;2026-09-23;"B";0.25;"niska";"Umowy z USA „gotowe do podpisu” (umowa surowcowa UA–USA II→IV 2025) zwykle podpisywane po tygodniach–miesiącach → 14 dni ≈ 0,25.";"komunikat BP/Departamentu Stanu"
Q-0065;01;2026-09-23;"B";0.28;"niska";"Hazard wznowienia uderzeń ok. 4–5% na 2 tyg. przy trwającej przerwie → ok. 7 okresów → 1 − 0,955^7 ≈ 0,28; wojny USA–Iran 2025–2026 pokazują, że przerwy bywały zrywane.";"komunikat CENTCOM; zerwanie rozmów"
Q-0066;01;2026-09-23;"B";0.40;"średnia";"16/18 uczestników FOMC oczekuje ≥ 1 podwyżki w 2026 (pozostały X i XII); w cyklach podwyżek kolejne posiedzenie z podwyżką ok. 50% → 0,8 × 0,5 ≈ 0,4.";"CPI USA IX"
Q-0067;01;2026-09-23;"B";0.45;"średnia";"Ekstrapolacja z 22.09 (70,3%): 0,20–0,25 pp/d przez 40 dni → 78,3–80,2%; tempo zwykle spada w X; projekcja 78,2% → próg 80% nieco powyżej środka rozkładu → 0,45.";"AGSI+"
Q-0068;01;2026-09-23;"B";0.25;"niska";"Uderzenia USA na Huti: kampanie 2024 i III–V 2025; od wojny z Iranem (II 2026) USA unikają Jemenu mimo próśb KSA → hazard ok. 8%/mies. → 3,3 mies. ≈ 0,25.";"komunikaty CENTCOM"
Q-0069;01;2026-09-23;"B";0.15;"niska";"Notyfikacje DSCA dla Tajwanu w obecnej kadencji: XI–XII 2025 (w tym 11,1 mld), potem wstrzymanie pakietu 14 mld od 23.05.2026 w okresie odprężenia; wstrzymania przed szczytami zwykle trwają → 0,15.";"decyzja po APEC"
Q-0070;01;2026-09-23;"B";0.33;"niska";"Perspektywa negatywna (Fitch od IX 2025) kończy się obniżką w ok. 1/3–1/2 przypadków w 12–24 mies.; przegląd Fitch ok. II 2027 i S&P ok. XI 2026 w oknie; S&P stabilna (CB obniżki ≈ 0,05); Moody’s właśnie obniżył → 0,33.";"przeglądy Fitch/S&P; deficyt 2027"
Q-0071;01;2026-09-23;"B";0.12;"średnia";"Próby UE użycia samych aktywów Banku Rosji (pożyczka reparacyjna 2025) zakończyły się porażką (sprzeciw BE), zastąpione pożyczką 90 mld EUR; obecnie „koncepcja, nie plan” → 9 mies. ≈ 0,12.";"propozycja KE; stanowisko Belgii"
Q-0072;01;2026-09-23;"B";0.15;"średnia";"Traktat parafowany 08.2025; Baku warunkuje podpis zmianą konstytucji Armenii, referendum dopiero w 2027 i bez większości konstytucyjnej rządzących → szansa podpisu przed 30.06.2027 ok. 0,15.";"data referendum w Armenii"
Q-0073;01;2026-09-23;"B";0.10;"średnia";"Tempo RU w 2026: ok. 50–150 km²/mies.; zdobycie średnich miast (Bachmut, Awdijiwka, Pokrowsk) zajmowało 5–12+ mies. od bezpośredniego zagrożenia; Kramatorsk i Słowiańsk za Kostiantynówką/Drużkiwką → 9 mies. ≈ 0,1.";"DeepState; walki o Kostiantynówkę"
Q-0001;01;2026-09-23;"C";0.03;"średnia";"Mobilizacja z 2022 r. wywołała emigrację i spadek poparcia; rynek pracy jest napięty, a budżet 2027 finansuje werbunek kontraktowy — Kreml ma tańszą ścieżkę niż dekret, mimo braku hamulców w nowej Dumie.";"wydatki na premie werbunkowe w budżecie 2027; bezrobocie w RU"
Q-0002;01;2026-09-23;"C";0.05;"niska";"Soczewka słaba: żaden z krajowych kalendarzy nie wymusza takiego zdarzenia; Kreml unika ofiar na terytorium NATO, które uruchamiają art. 4 i sankcje (koszt dla budżetu).";"incydenty dronowe w PL, RO, LT"
Q-0003;01;2026-09-23;"C";0.30;"niska";"Procedury hamują: §1249 NDAA i projekt §1232 na FY2027 (C-10), rekomendacja dopiero 06.11, po wyborach Kongres może przejść w ręce Demokratów; z drugiej strony Trump chce oszczędności i zadeklarował przesunięcie sił na flankę.";"tekst uzgodnieniowy NDAA FY2027; decyzja po 06.11"
Q-0004;01;2026-09-23;"C";0.35;"niska";"Tempo ok. 150 km²/4 tyg. (G1-044), koniec X to początek rasputicy, a Rosja przesuwa zasoby na drony i obronę przed uderzeniami na rafinerie; próg 200 km² wymaga przyspieszenia.";"DeepState km²/tydz."
Q-0005;01;2026-09-23;"C";0.40;"niska";"Xi ma osobisty interes w spokojnym tle przed APEC w Shenzhen (XI) i wzajemnymi wizytami; przeciw — V plenum (26–29.10) nagradza twardość, a przemówienie Laia 10.10 i ewentualny pakiet broni to typowe wyzwalacze.";"decyzja DSCA; przemówienie 10.10"
Q-0006;01;2026-09-23;"C";0.40;"średnia";"Brent 99,25 (22.09) w trendzie spadkowym; administracja przed wyborami 03.11 ma silny bodziec do obniżania cen paliw i sygnałów z rozmów z Iranem, a OPEC+ 04.10 nie zwiększy realnej podaży.";"Brent dzienny; komunikat OPEC+ 04.10"
Q-0007;01;2026-09-23;"C";0.20;"niska";"Zapasy −507 mln bbl i deficyt podaży >10 mln b/d (G2-010) dają paliwo do skoku, ale Waszyngton przed 03.11 unika eskalacji, a popyt spada (−2,5 mln b/d); ryzyko rośnie po wyborach.";"ataki na Janbu i E-W; zerwanie rozmów"
Q-0008;01;2026-09-23;"C";0.15;"niska";"Spadek poniżej 80 wymaga porozumienia z Iranem i szybkiej odbudowy przepływów; nawet wtedy odbudowa zapasów po ubytku 507 mln bbl podtrzymuje ceny.";"porozumienie USA–Iran; PortWatch"
Q-0009;01;2026-09-23;"C";0.30;"niska";"Magazyny 17,7 pp poniżej średniej, Katar bez 17% zdolności do ok. 2029 i siła wyższa do XI — rynek zimowy jest napięty; szczyt IX wyniósł 84, więc próg 90 wymaga zimna lub szoku w Zatoce.";"pogoda XI–XII; siła wyższa Kataru"
Q-0010;01;2026-09-23;"C";0.40;"niska";"Przy projekcji ok. 78% na 01.11 i typowym poborze 20–25 pp w XI–XII wynik ląduje w pobliżu progu 55%; wysokie ceny tłumią popyt przemysłowy, ale Niemcy (ok. 57%) nie mają zapasu.";"tempo poboru XI; temperatura"
Q-0011;01;2026-09-23;"C";0.78;"średnia";"Obaj przywódcy mają bodźce wewnętrzne: Trump — zakupy rolne i giełda tuż po wyborach 03.11, Xi — słaba gospodarka (inwestycje −7,2%) i APEC w Shenzhen; termin 10.11 wymusza decyzję, a rozejm przedłużano już wcześniej.";"komunikaty po szczycie 24.09; Rada Handlu"
Q-0012;01;2026-09-23;"C";0.22;"niska";"Cła podnoszą ceny przed wyborami, uderzają w Indie i Turcję (partnerzy) lub rozbijają rozejm z ChRL; ustawa daje prezydentowi uchylenie z powodu interesu narodowego, więc termin 30 dni (ok. 18.10) nie jest wiążący. Po 03.11 hamulec wyborczy słabnie.";"akty w Federal Register po 18.10"
Q-0013;01;2026-09-23;"C";0.88;"średnia";"Koniec CPN i powrót VAT 23% od 01.09 podniósł ON z ceny maks. 7,31 do 8,75–8,99 zł/l (+ok. 20% m/m), co przy wadze paliw daje ok. +1 pkt proc. m/m; VIII już 3,4%, Erste wskazuje > 3,5% (C-06).";"szybki szacunek GUS 30.09"
Q-0014;01;2026-09-23;"C";0.58;"niska";"Koszty wejściowe rosną: mocznik +10% m/m, ropa we IX średnio wyżej niż w VIII, niepewność eksportu z Morza Czarnego; ryzykiem jest korekta cukru po skoku +11,9% w VIII.";"ceny zbóż i cukru IX"
Q-0015;01;2026-09-23;"C";0.08;"średnia";"Po wyroku SN z 20.02.2026 (IEEPA) i wygaśnięciu s.122 podstawa prawna do podniesienia pułapu jest wąska (s.232/301 wymagają postępowań), a administracja przed i po wyborach zajmuje się Chinami i Rosją.";"nowe postępowania s.301/s.232 wobec UE"
Q-0016;01;2026-09-23;"C";0.30;"średnia";"Trzy posiedzenia (X, XI, XII); Glapiński zapowiada stabilizację do poł. 2027, ale skok CPI we IX w stronę 4% i projekcja listopadowa otwierają podwyżkę do 4,00% w IV kw. (C-07).";"CPI IX (30.09); projekcja NBP XI"
Q-0017;01;2026-09-23;"C";0.40;"niska";"HICP 3,3% i ceny energii popychają, ale EBC podniósł już dwa razy w 2026, ekonomiści widzą koniec cyklu, a kontrakty wyceniają dalsze podwyżki — procedura „z posiedzenia na posiedzenie” i projekcje XII dają jedną realną okazję.";"HICP IX–X; projekcje XII"
Q-0018;01;2026-09-23;"C";0.08;"średnia";"Wpis chińskiego banku rozbiłby rozejm i szczyty (APEC, wizyty), a Skarb woli podmioty z Hongkongu i rafinerie; bodziec rośnie dopiero przy zerwaniu rozmów z ChRL.";"wynik szczytu 24.09; H.R. 5334"
Q-0019;01;2026-09-23;"C";0.40;"niska";"Propozycja KE „nie wcześniej niż pod koniec X”, a dotychczasowe pakiety potrzebowały 6–10 tygodni negocjacji; Słowacja przejęła rolę blokującego (C-13), co wydłuża procedurę poza XII.";"propozycja KE; stanowisko SK"
Q-0020;01;2026-09-23;"C";0.20;"średnia";"Bank Rosji zatrzymał cykl 11.09 z powodu inflacji bazowej i „niepewności budżetowej”; projekt budżetu z deficytem ok. 2% i VAT 22% nie usuwa tych powodów, analitycy (SberCIB) oczekują pauzy do XII.";"inflacja tygodniowa Rosstatu; budżet 2027"
Q-0021;01;2026-09-23;"C";0.72;"średnia";"Ten sam pakiet co Q-0011: Pekin utrzymuje dźwignię do ostatniej chwili (eksport magnesów −21% m/m przed szczytem), ale V plenum i słaba gospodarka sprzyjają przedłużeniu zamiast powrotu kontroli, które uderzyłyby też w Japonię i UE.";"ogłoszenie MOFCOM przed 10.11"
Q-0022;01;2026-09-23;"C";0.72;"średnia";"Termin 27.11 wypada po 10.11 — decyzja zapadnie zwykle w jednym pakiecie z ziemiami rzadkimi; zakaz dla odbiorców wojskowych i licencje zostają, więc przedłużenie jest dla Pekinu tanie.";"decyzja ws. Q-0021; komunikat MOFCOM"
Q-0023;01;2026-09-23;"C";0.45;"niska";"Wpisy MOFCOM to rutynowa odpowiedź na notyfikacje broni dla Tajwanu i sankcje; przy rozejmie i przygotowaniach do APEC Pekin je wstrzymuje (ostatni 22.06), ale każda notyfikacja DSCA lub użycie H.R. 5334 uruchomi procedurę w ciągu dni.";"notyfikacje DSCA; akty H.R. 5334"
Q-0024;01;2026-09-23;"C";0.20;"niska";"Trump jest otwarty na sprzedaż (kolacja z J. Huangiem), ale przed wyborami i przy ponadpartyjnym oporze w Kongresie (AI Overwatch Act) zgoda na Blackwell kosztuje politycznie; Pekin i tak zniechęca do zakupów H200.";"wynik szczytu; reguła BIS"
Q-0025;01;2026-09-23;"C";0.45;"niska";"Dane za IX obejmują miesiąc przed szczytem, gdy Pekin sygnalizował dźwignię (trend 647 → 512 t); licencjonowanie MOFCOM reaguje z opóźnieniem, więc efekt szczytu 24.09 widać raczej w X.";"dane GAC ok. 20.10"
Q-0026;01;2026-09-23;"C";0.45;"niska";"Trump chce „sukcesu pokojowego” przed 03.11 i format trójstronny istnieje (Abu Zabi), ale Kreml mówi o braku postępów i wiąże rozejm z sankcjami na przewozy; Moskwa może zgodzić się na spotkanie jako tanią koncesję wobec H.R. 5334.";"wypowiedzi Uszakowa; data rozmów"
Q-0027;01;2026-09-23;"C";0.12;"niska";"Wniosek o art. 4 to decyzja polityczna rządów; w 2026 nie złożono go mimo drona z ładunkiem nad Litwą, co pokazuje wysoki próg. Soczewka słaba poza tym.";"incydenty z ofiarami lub zniszczeniami"
Q-0028;01;2026-09-23;"C";0.30;"niska";"Ceny paliw przed 03.11 pchają Trumpa do umowy, ale żądanie 24 mld USD z góry jest przed wyborami politycznie toksyczne w USA, a IRGC blokuje w Teheranie; sam Trump wskazywał na porozumienie „po wyborach”.";"data drugiej rundy; warunki Iranu"
Q-0029;01;2026-09-23;"C";0.50;"niska";"Wizyta w Shenzhen wypada dwa tygodnie po wyborach, gdy presja wewnętrzna słabnie, a Trump ceni szczyty z Xi i zapowiedziano wzajemne wizyty; przeciw — zobowiązania po wyborach i ryzyko wizerunkowe przy ewentualnej porażce w Izbie.";"wynik szczytu 24.09; zapowiedź Białego Domu"
Q-0030;01;2026-09-23;"C";0.25;"niska";"Trump ma osobisty bodziec do spotkania (obietnica zakończenia wojny), ale szczyt bez gotowego porozumienia jest dla niego kosztowny wizerunkowo przed wyborami i tuż po nich; Kreml zyskuje na spotkaniu, lecz stawia warunki sankcyjne.";"postęp rozmów trójstronnych"
Q-0031;01;2026-09-23;"C";0.20;"średnia";"Klasyczne obciążenie partii prezydenta w wyborach połówkowych przy poparciu Trumpa 39% i ocenie kosztów życia 26/71; generic ballot D +7–8, Demokratom brakuje ok. 3–5 mandatów. Częściowo równoważą to nowe mapy okręgów (Missouri).";"generic ballot; ceny paliw w USA"
Q-0032;01;2026-09-23;"C";0.15;"niska";"Władze mają silny bodziec legitymizacyjny do pokazania przywódcy, a mimo to od 09.03 publikują wyłącznie tekst — to wskazuje na ograniczenie fizyczne, nie na wybór.";"komunikaty biura Najwyższego Przywódcy"
Q-0033;01;2026-09-23;"C";0.55;"niska";"Urzędujący prezydent z aparatem państwa i programami socjalnymi prowadzi w I turze (Datafolha 39–36, Quaest 37–33), ale II tura to remis statystyczny 46–44.";"Datafolha/Quaest po I turze"
Q-0034;01;2026-09-23;"C";0.35;"niska";"Kolejność instytucjonalna: najpierw nowy TSJ (procedura od 18.09), potem CNE, dopiero potem harmonogram; Rodríguez nie ma bodźca do przyspieszenia, choć USA naciskają.";"powołanie nowej CNE"
Q-0035;01;2026-09-23;"C";0.10;"niska";"Junta utrzymuje Bamako konwojami (900 cystern 14.09) i deklaruje wzrost PKB 6,3%; ryzykiem jest zamach wewnątrz armii przy przedłużającej się blokadzie paliwowej (status Africa Corps niezweryfikowany).";"blokada paliwowa; ataki JNIM"
Q-0036;01;2026-09-23;"C";0.22;"niska";"Średnia >40/dobę w PortWatch wymaga porozumienia, zniesienia blokady i powrotu ruchu z AIS; nawet po porozumieniu ubezpieczyciele i armatorzy potrzebują tygodni — sam kalendarz ogranicza szanse.";"porozumienie USA–Iran; stawki ubezpieczeń"
Q-0037;01;2026-09-23;"C";0.12;"niska";"W ciągu 2 tygodni brak czasu na zmianę procedur i ubezpieczeń; ruch eskortowany często bez AIS, więc PortWatch go nie widzi.";"dzienne przejścia PortWatch"
Q-0038;01;2026-09-23;"C";0.30;"niska";"Zniesienie blokady to warunek nr 1 Iranu, ale przed wyborami wygląda jak ustępstwo bez zysku; po 03.11 swoboda Trumpa rośnie, stąd p zbliżone do Q-0028.";"druga runda rozmów"
Q-0039;01;2026-09-23;"C";0.20;"niska";"Limit zmniejszano w IX (34 → 32) z powodu suszy związanej z El Niño; ACP ma bodziec przychodowy, ale decyduje poziom jeziora Gatún, a okno do 31.10 jest krótkie.";"poziom jeziora Gatún"
Q-0040;01;2026-09-23;"C";0.55;"niska";"Soczewka słaba: zima to szczyt incydentów z kotwicami, a państwa nadbałtyckie mają procedury szybkiego wszczynania śledztw i zatrzymań; termin obejmuje cały sezon zimowy.";"incydenty floty cieni; patrole NATO"
Q-0041;01;2026-09-23;"C";0.05;"średnia";"Na 6 tygodni przed wyborami, w trakcie rozmów i przy spadających cenach ropy uderzenie na ląd Iranu niosłoby dla Trumpa ryzyko skoku cen paliw bez zysku wyborczego.";"komunikaty CENTCOM; zerwanie rozmów"
Q-0042;01;2026-09-23;"C";0.45;"niska";"Trump zapowiada kolejne spotkanie „w bardzo bliskiej przyszłości”, a mediatorzy (Katar, Pakistan) są aktywni; przeciw — koniec tygodnia ZO ONZ usuwa wspólne miejsce, a Teheran musi uzgodnić stanowisko z IRGC.";"ogłoszenie daty przez stronę lub mediatora"
Q-0043;01;2026-09-23;"C";0.35;"niska";"Koalicja saudyjska publicznie potwierdza przechwycenia, a ofensywa w środkowym Jemenie trwa; brak startów 21–22.09 i niedobór pocisków u Huti ograniczają tempo.";"komunikaty koalicji; ofensywa Huti"
Q-0044;01;2026-09-23;"C";0.20;"niska";"Pentagon zamyka przegląd postawy dopiero 06.11, a ogłoszenie lokalizacji przed nim wyprzedzałoby procedurę; rywalizacja Nawrocki–rząd o zasługę i słowa Trumpa „bardzo wkrótce” dają szansę na szybki gest.";"komunikat MON/Pentagonu"
Q-0045;01;2026-09-23;"C";0.15;"niska";"Soczewka słaba: naruszenia zależą od rosyjskich uderzeń na zachodnią Ukrainę; DO RSZ ma procedurę publicznych komunikatów, więc każde naruszenie zostanie zgłoszone.";"ataki RU na zach. Ukrainę"
Q-0046;01;2026-09-23;"C";0.40;"niska";"Kalendarz: ćwiczenia USA–ROK i rocznica Partii Pracy 10.10 (zwykle parada, nie start); dwa starty we IX (12.09, 20.09) wskazują na aktywną serię testów.";"komunikaty JCS"
Q-0047;01;2026-09-23;"C";0.55;"niska";"Precedens z V 2026: spokój w dniach szczytu, a kilka dni po nim patrol z 24 samolotami; okno 24.09–07.10 obejmuje okres po szczycie i święto 01.10.";"raporty dobowe MON Tajwanu"
Q-0048;01;2026-09-23;"C";0.40;"niska";"TTF 71–74 przy niskich magazynach; rynek wyceniał deeskalację, a ciepła pogoda i słabe przetargi magazynowe w DE ciągną w dół.";"TTF dzienny; pogoda"
Q-0049;01;2026-09-23;"C";0.55;"niska";"Przy tłoczeniu ok. 0,21–0,33 pp/dobę (69,31 → 70,3 w 3 dni) z 70,3% do 06.10 przybędzie ok. 3–3,5 pp — wynik tuż przy progu 73,0; niższe ceny spot zachęcają do tłoczenia.";"tempo tłoczenia 7-dniowe"
Q-0050;01;2026-09-23;"C";0.35;"średnia";"e-petrol 23.09: 8,99 zł/l; Orlen tnie hurt 23.09 po spadku Brent, a detal podąża z opóźnieniem ok. tygodnia; powrót niższego VAT przed 07.10 zablokowany (C-05).";"hurt Orlen; Brent"
Q-0051;01;2026-09-23;"C";0.25;"niska";"Arabia Saudyjska wydobywa 5,97 mln b/d wobec kwoty 10,478 — podwyżka kwot nic jej nie kosztuje, ale też nic nie daje; Rosja nie zwiększy produkcji (rafinerie, sankcje) i woli wysokie ceny dla budżetu z ceną odcięcia 50 USD.";"komunikat 04.10; presja USA"
Q-0052;01;2026-09-23;"C";0.45;"niska";"Decyzja RPP 07.10 może zostać ogłoszona po fiksingu NBP, więc liczą się oczekiwania, nie sama decyzja; skok CPI we IX zwiększy oczekiwania podwyżki (wspiera PLN), a zacieśnianie Fed/EBC i napięcia globalne działają przeciw — kurs 4,3463 jest tuż pod progiem.";"EUR/PLN; CPI IX"
Q-0053;01;2026-09-23;"C";0.52;"niska";"Budżetowy termin wniesienia (do 01.10) jest dotrzymywany także w roku wyborczym, więc projekt wpłynie; o wyniku decyduje zaokrąglenie „ok. 2%” — MinFin może pokazać 1,9% dla wizerunku, ale Putin i Siłuanow mówią wprost o 2%.";"nota objaśniająca MinFin"
Q-0054;01;2026-09-23;"C";0.93;"średnia";"Wynik rośnie z liczeniem (4,96% → 5,00% → 5,13% przy 97,64%, C-01), a Kreml ma interes w utrzymaniu lojalnej partii systemowej w Dumie; CKW rzadko zmienia wynik na niekorzyść partii systemowej po wstępnych danych.";"protokół CKW (25.09)"
Q-0055;01;2026-09-23;"C";0.82;"średnia";"Partia premiera prowadzi w obu sondażach (SKDS VIII 15,2%, IX 15,9% wszystkich badanych — prawie dwukrotna przewaga nad drugą partią, C-02); fragmentacja rywali wzmacnia przewagę w mandatach.";"wyniki CVK"
Q-0056;01;2026-09-23;"C";0.07;"średnia";"Przy 37–39% wszystkich badanych i ok. 10–15% niezdecydowanych Lula ma ok. 43–45% głosów ważnych — do 50% brakuje zbyt wiele w 10 dni.";"sondaże końcowe I tury"
Q-0057;01;2026-09-23;"C";0.15;"średnia";"Raport odłożono „na po szczycie”, ale jego publikacja tuż po szczycie i przed wyborami rozbiłaby porozumienie i podniosła ceny; kalendarz rozejmu (10.11) sprzyja dalszemu odłożeniu.";"komunikaty USTR"
Q-0058;01;2026-09-23;"C";0.45;"niska";"Trump chce ogłosić „umowę” przed wyborami, a szczyt 24.09 to naturalny moment; Pekin zwykle ogłasza przez MOFCOM dopiero uzgodniony tekst, a do 10.11 jest jeszcze 6 tygodni na techniczne domknięcie.";"wspólne komunikaty 24–25.09"
Q-0059;01;2026-09-23;"C";0.10;"średnia";"Kreml wiąże rozejm z sankcjami na przewozy, a Kijów z siecią elektryczną — różne przedmioty umowy; obie strony prowadzą uderzenia jako główne narzędzie nacisku przed zimą.";"wypowiedzi Pieskowa; uderzenia na energetykę"
Q-0060;01;2026-09-23;"C";0.45;"niska";"Rytm biurokratyczny OFAC w IX: działania irańskie 04, 08, 10, 14 i 17.09, zwykle z podmiotami z HK/ChRL; pauza od 19.09 zbiega się ze szczytem i rozmowami z Iranem, więc powrót do rytmu przed 07.10 jest niepewny.";"OFAC Recent Actions"
Q-0061;01;2026-09-23;"C";0.25;"niska";"H.R. 5334 wyznacza 30 dni (ok. 18.10) na większość środków, co tworzy presję proceduralną, ale prezydent może je uchylić, a trwające rozmowy Rubio–Ławrow i trójstronne dają mu powód do zwłoki; w IX OFAC w programie rosyjskim tylko usuwał wpisy.";"OFAC Recent Actions; decyzje ws. H.R. 5334"
Q-0062;01;2026-09-23;"C";0.40;"niska";"Huti ogłosili blokadę (20.07) i kontrolują całe wybrzeże, ale ich zasoby idą na ofensywę w Jemenie i ataki na KSA; brak danych o atakach na statki we IX.";"komunikaty UKMTO/JMIC"
Q-0063;01;2026-09-23;"C";0.40;"niska";"Ataki 21.09 bez sprawcy pokazują, że część IRGC działa poza torem MSZ; rozmowy dają Teheranowi bodziec do powściągliwości, lecz ośrodek wojskowy go nie podziela.";"UKMTO; stanowisko IRGC"
Q-0064;01;2026-09-23;"C";0.30;"niska";"Umowa „gotowa do podpisu” od 21.09, a Trump lubi ogłaszać umowy; podpis wymaga jednak procedur (finansowanie, licencje) i nie zmieścił się w spotkaniu 22.09, co sugeruje przeszkody po stronie USA.";"komunikaty Białego Domu i Biura Prezydenta UA"
Q-0065;01;2026-09-23;"C";0.25;"niska";"Przed 03.11 hamulec wyborczy jest silny (paliwa); po wyborach i przy braku porozumienia Trump zapowiada „szybki koniec” — okno XI–XII otwiera ryzyko uderzeń.";"wynik wyborów; stan rozmów"
Q-0066;01;2026-09-23;"C";0.30;"niska";"16 z 19 uczestników oczekuje kolejnej podwyżki w 2026, ale do wyboru są X i XII; posiedzenie 27–28.10 przypada tydzień przed wyborami, a spadek Brent zmniejsza presję — instytucjonalnie wygodniejszy jest grudzień z nowymi projekcjami.";"PCE/CPI IX; wypowiedzi członków FOMC"
Q-0067;01;2026-09-23;"C";0.30;"średnia";"Do 80% trzeba ok. 5,5 TWh/d wobec ok. 2,8 TWh/d; państwa mogą korzystać z elastyczności celu (−4 pp), więc nie mają bodźca do kosztownego tłoczenia przy wysokich cenach — projekcja 78,2%.";"tempo tłoczenia; spread lato–zima"
Q-0068;01;2026-09-23;"C";0.20;"niska";"Trump odmówił uderzeń mimo prośby KSA i trzyma USA z dala od Jemenu przed wyborami; po 03.11 i przy atakach na żeglugę lub siły USA bodziec może się odwrócić.";"ataki Huti na statki; rozmowy z Iranem"
Q-0069;01;2026-09-23;"C";0.20;"niska";"Pakiet wstrzymany od 23.05, a kalendarz wizyt (APEC w Shenzhen, zapowiedziane wzajemne wizyty) daje Trumpowi osobisty powód do dalszej zwłoki; presja Kongresu działa, ale procedura notyfikacji zależy od decyzji administracji.";"wynik szczytu; APEC; notyfikacje DSCA"
Q-0070;01;2026-09-23;"C";0.30;"niska";"S&P ma przegląd 06.11 przy perspektywie stabilnej (obniżka bez zmiany perspektywy rzadka); Fitch ma perspektywę negatywną i przegląd ok. II 2027 — deficyt GG 7,1% w projekcie 2027 i brak konsolidacji przed wyborami 2027 wspierają obniżkę.";"kalendarz Fitch 2027; budżet 2027 w Sejmie"
Q-0071;01;2026-09-23;"C";0.20;"niska";"Luka Ukrainy na 2027 (32,6 mld USD) i koniec pożyczki 90 mld EUR tworzą presję budżetową, ale Belgia i Euroclear ponoszą ryzyko prawne, a procedura wymaga aktu Rady — na dziś „koncepcja, nie plan”; zmiana rządu na Węgrzech ułatwia, Słowacja utrudnia.";"stanowisko Belgii; plan finansowania UA 2027"
Q-0072;01;2026-09-23;"C";0.12;"średnia";"Baku uzależnia podpis od zmiany konstytucji Armenii, a referendum przewidziano dopiero na 2027 i Paszynian nie ma większości konstytucyjnej; procedura praktycznie wyklucza podpis przed referendum.";"data referendum w Armenii"
Q-0073;01;2026-09-23;"C";0.15;"niska";"Tempo ok. 150 km²/mies. i zima ograniczają zdolność do zdobycia dużego, ufortyfikowanego miasta w 9 miesięcy; Rosja ma finansowanie i ludzi, ale nie przewagę logistyczną potrzebną do szturmu.";"ISW/DeepState — droga Dobropole–Kramatorsk"
