id;data_utworzenia;wydanie_utworzenia;typ;wektor;region;klaster;pytanie;kryterium_rozstrzygniecia;zrodlo_rozstrzygniecia;termin;p_status_quo;czyj_sukces;pir;kluczowy_wskaznik;status;uwagi
P-001;2026-09-21;00;PROPOZYCJA_PANEL;TEC;Chiny–USA;CN_ZIEMIE_RZADKIE;Czy do 10.11.2026 ChRL ogłosi przedłużenie zawieszenia kontroli eksportu ziem rzadkich wprowadzonych 09.10.2025?;TAK, jeśli MOFCOM (lub Xinhua cytujący MOFCOM) ogłosi przedłużenie na dowolny okres do 10.11.2026 włącznie.;"mofcom.gov.cn; Xinhua";2026-11-10;0.10;KOMPROMIS;PIR-4;"komunikaty MOFCOM; wyniki wizyty Xi w USA";PROPOZYCJA;"Do weryfikacji w etapie 03 wydania 01; nadać ID Q-… po przyjęciu."
P-002;2026-09-21;00;PROPOZYCJA_PANEL;FIN;Chiny–USA–Iran;CN_SANKCJE_WTORNE;Czy do 31.12.2026 OFAC wpisze na listę SDN co najmniej jeden bank z większościowym udziałem państwa ChRL w związku z Iranem?;TAK, jeśli w komunikacie OFAC (Recent Actions) wpisano bank, którego większościowym właścicielem jest państwo ChRL lub jego podmiot, z uzasadnieniem dotyczącym Iranu.;ofac.treasury.gov;2026-12-31;0.10;USA_ZACHOD;"PIR-4; PIR-5";kolejne transze „Economic Outcast”;PROPOZYCJA;"Do weryfikacji w etapie 03 wydania 01; nadać ID Q-… po przyjęciu."
P-003;2026-09-21;00;PROPOZYCJA_PANEL;INF;Zatoka Perska;ORMUZ;Czy w którymkolwiek tygodniu do 31.12.2026 średnia 7-dniowa liczba przejść przez Cieśninę Ormuz wg IMF PortWatch przekroczy 40 statków na dobę?;TAK, jeśli dane IMF PortWatch (transit calls, Strait of Hormuz) pokażą średnią 7-dniową powyżej 40.;portwatch.imf.org;2026-12-31;0.10;KOMPROMIS;"PIR-5; PIR-3";dzienne przejścia PortWatch;PROPOZYCJA;"Do weryfikacji w etapie 03 wydania 01; nadać ID Q-… po przyjęciu."
P-004;2026-09-21;00;PROPOZYCJA_PANEL;DYP;USA–Iran;ORMUZ;Czy do 31.12.2026 rządy USA i Iranu obydwa publicznie potwierdzą odbycie rundy rozmów (bezpośrednich lub pośrednich) po 21.09.2026?;TAK, jeśli oficjalne źródła obu rządów (Biały Dom lub Departament Stanu oraz MSZ Iranu) potwierdzą, że runda się odbyła.;"state.gov; mfa.gov.ir; agencje";2026-12-31;0.10;KOMPROMIS;PIR-5;komunikaty mediatorów (Pakistan, Oman);PROPOZYCJA;"Do weryfikacji w etapie 03 wydania 01; nadać ID Q-… po przyjęciu."
P-005;2026-09-21;00;PROPOZYCJA_PANEL;DYP;Ukraina;UA_ROZMOWY;Czy do 30.11.2026 odbędzie się trójstronne spotkanie delegacji USA, Ukrainy i Rosji?;TAK, jeśli co najmniej dwie z trzech stron oficjalnie potwierdzą spotkanie delegacji wszystkich trzech państw w jednym miejscu (dowolny szczebel).;"kremlin.ru; president.gov.ua; state.gov";2026-11-30;0.10;KOMPROMIS;PIR-1;zapowiedzi rozmów w ZEA;PROPOZYCJA;"Do weryfikacji w etapie 03 wydania 01; nadać ID Q-… po przyjęciu."
P-006;2026-09-21;00;PROPOZYCJA_PANEL;MIL;Rosja;RU_MOBILIZACJA;Czy do 31.12.2026 prezydent Rosji podpisze dekret o mobilizacji albo o powołaniu rezerwistów wykraczającym poza standardowy pobór i ćwiczenia?;"TAK, jeśli na publication.pravo.gov.ru lub kremlin.ru opublikowano taki dekret; standardowy pobór jesienny i rutynowe ćwiczenia rezerwy się nie liczą.";"kremlin.ru; publication.pravo.gov.ru";2026-12-31;0.10;BRAK;PIR-1;doniesienia ISW o potrzebach kadrowych;PROPOZYCJA;"Do weryfikacji w etapie 03 wydania 01; nadać ID Q-… po przyjęciu."
P-007;2026-09-21;00;PROPOZYCJA_PANEL;MIL;Tajwan;TAJWAN;Czy do 31.12.2026 DSCA notyfikuje Kongresowi sprzedaż uzbrojenia Tajwanowi o łącznej wartości co najmniej 1 mld USD (notyfikacje po 21.09.2026)?;TAK, jeśli suma notyfikacji DSCA dla TECRO po 21.09.2026 wyniesie co najmniej 1 mld USD.;dsca.mil (Major Arms Sales);2026-12-31;0.10;USA_ZACHOD;PIR-4;decyzje po wizycie Xi, APEC, G20;PROPOZYCJA;"Do weryfikacji w etapie 03 wydania 01; nadać ID Q-… po przyjęciu."
P-008;2026-09-21;00;PROPOZYCJA_PANEL;ENE;UE;ENERGIA_UE;Czy zapełnienie magazynów gazu w UE według AGSI (GIE) będzie niższe niż 45% w dniu 01.01.2027?;TAK, jeśli AGSI dla UE na dzień 01.01.2027 pokaże wartość poniżej 45,0%.;agsi.gie.eu;2027-01-01;0.10;BRAK;PIR-3;tygodniowe tempo opróżniania, pogoda;PROPOZYCJA;"Do weryfikacji w etapie 03 wydania 01; nadać ID Q-… po przyjęciu."
P-009;2026-09-21;00;PROPOZYCJA_PANEL;ENE;UE;ENERGIA_UE;Czy kontrakt TTF front-month zamknie się powyżej 100 EUR/MWh w którymkolwiek dniu sesyjnym do 31.12.2026?;TAK, jeśli cena rozliczeniowa ICE Endex TTF front-month przekroczy 100 EUR/MWh.;"ICE Endex; Reuters; Bloomberg";2026-12-31;0.10;BRAK;PIR-3;magazyny UE, Katar, pogoda;PROPOZYCJA;"Do weryfikacji w etapie 03 wydania 01; nadać ID Q-… po przyjęciu."
P-010;2026-09-21;00;PROPOZYCJA_PANEL;ENE;Globalny;ROPA_CENA;Czy Brent front-month zamknie się powyżej 120 USD za baryłkę w którymkolwiek dniu sesyjnym do 31.12.2026?;TAK, jeśli cena zamknięcia ICE Brent front-month przekroczy 120 USD.;"ICE; Reuters; EIA";2026-12-31;0.10;BRAK;PIR-3;Bab al-Mandab, infrastruktura saudyjska;PROPOZYCJA;"Do weryfikacji w etapie 03 wydania 01; nadać ID Q-… po przyjęciu."
P-011;2026-09-21;00;PROPOZYCJA_PANEL;ENE;Globalny;ROPA_CENA;Czy Brent front-month zamknie się poniżej 80 USD za baryłkę w którymkolwiek dniu sesyjnym do 31.12.2026?;TAK, jeśli cena zamknięcia ICE Brent front-month spadnie poniżej 80 USD.;"ICE; Reuters; EIA";2026-12-31;0.10;BRAK;PIR-3;rozmowy USA–Iran, przepływy przez Ormuz;PROPOZYCJA;"Do weryfikacji w etapie 03 wydania 01; nadać ID Q-… po przyjęciu."
P-012;2026-09-21;00;PROPOZYCJA_PANEL;INF;Arabia Saudyjska;BAB_EL_MANDAB;Czy do 15.11.2026 saudyjski rurociąg Wschód–Zachód wznowi przesył ropy?;TAK, jeśli Aramco lub saudyjskie ministerstwo energii ogłosi wznowienie, albo potwierdzą to co najmniej dwa niezależne media.;"aramco.com; spa.gov.sa; Reuters";2026-11-15;0.10;BRAK;"PIR-3; PIR-5";komunikaty Aramco;PROPOZYCJA;"Do weryfikacji w etapie 03 wydania 01; nadać ID Q-… po przyjęciu."
P-013;2026-09-21;00;PROPOZYCJA_PANEL;MIL;NATO–Rosja;FLANKA;Czy do 31.12.2026 na terytorium państwa NATO zginie co najmniej jedna osoba w wyniku uderzenia rosyjskiego drona lub pocisku?;TAK, jeśli rząd państwa NATO potwierdzi ofiarę śmiertelną spowodowaną rosyjskim dronem lub pociskiem (także zabłąkanym).;"komunikaty rządów NATO; nato.int";2026-12-31;0.10;ROSJA;"PIR-1; PIR-2";incydenty w PL, Rumunii, państwach bałtyckich;PROPOZYCJA;"Do weryfikacji w etapie 03 wydania 01; nadać ID Q-… po przyjęciu."
P-014;2026-09-21;00;PROPOZYCJA_PANEL;DYP;NATO;FLANKA;Czy do 31.12.2026 którekolwiek państwo NATO formalnie zażąda konsultacji na podstawie art. 4 Traktatu Północnoatlantyckiego?;TAK, jeśli NATO lub rząd państwa członkowskiego potwierdzi wniosek o konsultacje z art. 4.;"nato.int; rządy państw NATO";2026-12-31;0.10;BRAK;"PIR-1; PIR-2";incydenty na flance;PROPOZYCJA;"Do weryfikacji w etapie 03 wydania 01; nadać ID Q-… po przyjęciu."
P-015;2026-09-21;00;PROPOZYCJA_PANEL;FIN;Polska;STOPY;Czy RPP zmieni stopę referencyjną NBP na którymkolwiek posiedzeniu do 31.12.2026?;TAK, jeśli komunikat RPP po posiedzeniu zmieni stopę referencyjną (w dowolnym kierunku).;nbp.pl;2026-12-31;0.10;BRAK;PIR-6;inflacja CPI, decyzje EBC;PROPOZYCJA;"Do weryfikacji w etapie 03 wydania 01; nadać ID Q-… po przyjęciu."
P-016;2026-09-21;00;PROPOZYCJA_PANEL;FIN;Strefa euro;STOPY;Czy EBC podniesie stopę depozytową na którymkolwiek posiedzeniu do 31.12.2026?;TAK, jeśli komunikat EBC po posiedzeniu podniesie stopę depozytową.;ecb.europa.eu;2026-12-31;0.10;BRAK;PIR-6;HICP, ceny energii;PROPOZYCJA;"Do weryfikacji w etapie 03 wydania 01; nadać ID Q-… po przyjęciu."
P-017;2026-09-21;00;PROPOZYCJA_PANEL;WEW;USA;USA_WYBORY;Czy Partia Republikańska uzyska większość mandatów w Izbie Reprezentantów w wyborach 03.11.2026?;TAK, jeśli według AP (race calls) Republikanie zdobędą co najmniej 218 mandatów.;apnews.com;2026-12-31;0.90;BRAK;PIR-2;sondaże generyczne;PROPOZYCJA;"Do weryfikacji w etapie 03 wydania 01; nadać ID Q-… po przyjęciu."
P-018;2026-09-21;00;PROPOZYCJA_PANEL;MIL;Polska;USA_EUROPA;Czy do 31.12.2026 Pentagon lub Biały Dom ogłosi zmniejszenie obecności wojsk USA w Polsce poniżej stanu z V 2026?;TAK, jeśli oficjalny komunikat zapowie redukcję stałej lub rotacyjnej obecności wojsk USA w Polsce.;"defense.gov; whitehouse.gov; MON";2026-12-31;0.10;ROSJA;PIR-2;przegląd postawy sił USA w Europie;PROPOZYCJA;"Do weryfikacji w etapie 03 wydania 01; nadać ID Q-… po przyjęciu."
P-019;2026-09-21;00;PROPOZYCJA_PANEL;MIL;Polska;USA_EUROPA;Czy do 31.12.2026 rząd USA lub RP potwierdzi przybycie do Polski co najmniej 3000 dodatkowych żołnierzy USA w ramach zapowiedzi z 21.05.2026?;TAK, jeśli oficjalne źródło USA lub RP potwierdzi przybycie (nie zapowiedź) co najmniej 3000 dodatkowych żołnierzy.;"defense.gov; gov.pl/web/obrona-narodowa";2026-12-31;0.10;USA_ZACHOD;PIR-2;komunikaty MON i US Army Europe;PROPOZYCJA;"Do weryfikacji w etapie 03 wydania 01; nadać ID Q-… po przyjęciu."
P-020;2026-09-21;00;PROPOZYCJA_PANEL;WEW;Iran;IRAN_WLADZA;Czy do 31.12.2026 Modżtaba Chamenei wystąpi publicznie w nagraniu wideo lub na żywo?;TAK, jeśli co najmniej dwa niezależne media międzynarodowe potwierdzą autentyczne wystąpienie wideo lub publiczne pojawienie się po 21.09.2026.;"agencje międzynarodowe; khamenei.ir";2026-12-31;0.10;BRAK;PIR-5;komunikaty biura przywódcy;PROPOZYCJA;"Do weryfikacji w etapie 03 wydania 01; nadać ID Q-… po przyjęciu."
P-021;2026-09-21;00;PROPOZYCJA_PANEL;DYP;Chiny–USA;USA_CHINY_SZCZYTY;Czy Donald Trump weźmie osobiście udział w szczycie przywódców APEC w Shenzhen (18–19.11.2026)?;TAK, jeśli Trump będzie fizycznie obecny na spotkaniu przywódców APEC w Shenzhen.;"whitehouse.gov; agencje";2026-11-19;0.50;KOMPROMIS;PIR-4;wynik wizyty Xi w USA;PROPOZYCJA;"Do weryfikacji w etapie 03 wydania 01; nadać ID Q-… po przyjęciu."
P-022;2026-09-21;00;PROPOZYCJA_PANEL;MIL;Ukraina;UA_FRONT;Czy do 31.12.2026 ISW oceni, że siły rosyjskie przejęły kontrolę nad Kramatorskiem lub Słowiańskiem?;TAK, jeśli dzienny raport ISW stwierdzi rosyjską kontrolę nad całym Kramatorskiem lub całym Słowiańskiem.;understandingwar.org;2026-12-31;0.10;ROSJA;PIR-1;mapy ISW;PROPOZYCJA;"Do weryfikacji w etapie 03 wydania 01; nadać ID Q-… po przyjęciu."
P-023;2026-09-21;00;PROPOZYCJA_PANEL;FIN;UE–Rosja;RU_SANKCJE;Czy do 31.12.2026 Rada UE przyjmie 22. pakiet sankcji wobec Rosji?;TAK, jeśli Rada UE ogłosi formalne przyjęcie 22. pakietu.;consilium.europa.eu;2026-12-31;0.10;UE;"PIR-1; PIR-6";prace grupy RELEX;PROPOZYCJA;"Do weryfikacji w etapie 03 wydania 01; nadać ID Q-… po przyjęciu."
P-024;2026-09-21;00;PROPOZYCJA_PANEL;WEW;Wenezuela;WENEZUELA;Czy do 31.12.2026 władze Wenezueli oficjalnie ogłoszą datę wyborów prezydenckich?;TAK, jeśli CNE lub rząd Wenezueli ogłosi konkretną datę wyborów prezydenckich.;"cne.gob.ve; agencje";2026-12-31;0.10;BRAK;PIR-7;stanowisko USA;PROPOZYCJA;"Do weryfikacji w etapie 03 wydania 01; nadać ID Q-… po przyjęciu."
P-025;2026-09-21;00;PROPOZYCJA_PANEL;MIL;Mali;SAHEL;Czy do 31.12.2026 junta w Mali zostanie odsunięta od władzy (zamach, rezygnacja albo przejęcie Bamako przez JNIM lub FLA)?;TAK, jeśli co najmniej dwa niezależne media potwierdzą utratę władzy przez obecnego przewodniczącego junty.;"agencje; ACLED";2026-12-31;0.10;BRAK;PIR-7;blokady Bamako, ACLED CAST;PROPOZYCJA;"Do weryfikacji w etapie 03 wydania 01; nadać ID Q-… po przyjęciu."
P-026;2026-09-21;00;PROPOZYCJA_PANEL;FIN;Rosja;RU_FINANSE;Czy projekt budżetu federalnego Rosji na 2027 r. złożony w Dumie zakłada deficyt powyżej 2,0% PKB?;TAK, jeśli projekt ustawy budżetowej na 2027 r. (wersja złożona w Dumie) przewiduje deficyt powyżej 2,0% PKB.;"minfin.gov.ru; sozd.duma.gov.ru";2026-10-31;0.50;BRAK;"PIR-1; PIR-6";deficyt I–IX 2026;PROPOZYCJA;"Do weryfikacji w etapie 03 wydania 01; nadać ID Q-… po przyjęciu."
P-027;2026-09-21;00;PROPOZYCJA_PANEL;MIL;Tajwan;TAJWAN;Czy do 31.12.2026 Dowództwo Teatru Wschodniego ChRL ogłosi nazwane ćwiczenia wojskowe wokół Tajwanu?;TAK, jeśli Dowództwo Teatru Wschodniego ogłosi ćwiczenia z nazwą operacyjną obejmujące rejon wokół Tajwanu.;"eng.chinamil.com.cn; Xinhua; MON Tajwanu";2026-12-31;0.10;CHINY;PIR-4;decyzja o pakiecie uzbrojenia;PROPOZYCJA;"Do weryfikacji w etapie 03 wydania 01; nadać ID Q-… po przyjęciu."
P-028;2026-09-21;00;PROPOZYCJA_PANEL;GOS;Chiny–USA;USA_CHINY_HANDEL;Czy do 31.12.2026 rządy USA i ChRL obydwa ogłoszą nowe porozumienie handlowe lub przedłużenie rozejmu celnego?;TAK, jeśli oficjalne źródła obu rządów ogłoszą porozumienie lub przedłużenie rozejmu po 21.09.2026. Sprawdź, czy nie zaszło już podczas wizyty Xi.;"ustr.gov; mofcom.gov.cn";2026-12-31;0.10;KOMPROMIS;PIR-4;wynik wizyty Xi w USA;PROPOZYCJA;"Do weryfikacji w etapie 03 wydania 01; nadać ID Q-… po przyjęciu."
