nazwa;domena;kraj;jezyk;typ;perspektywa_domyslna;wiarygodnosc_A_F;uwagi;data_dodania
"Straits Daily Brief";"straits.live";"—";"EN";"agregator danych żeglugowych";"T";"C";"Dzienne briefy o Ormuzie za IMF PortWatch, UKMTO; metoda agregacji nieopisana";"2026-09-23"
"GlobalSecurity.org — Iran War OPREP";"globalsecurity.org";"USA";"EN";"agregator/analiza";"Z";"C";"Dzienny raport operacyjny wojny z Iranem; przedruki komunikatów rządowych (MSZ Litwy, RFE/RL)";"2026-09-23"
"Tasnim";"tasnimnews.ir";"Iran";"FA";"media lojalne (IRGC)";"A";"C";"Wypowiedzi IRGC; tylko jako fakt o wypowiedzi";"2026-09-23"
"Jamaran";"jamaran.news";"Iran";"FA";"media krajowe";"A";"C";"Przedruki komunikatów Chatam al-Anbija";"2026-09-23"
"Youm7";"youm7.com";"Egipt";"AR";"media krajowe";"T";"C";"Perspektywa egipska; mediacja Kataru i Pakistanu";"2026-09-23"
"Iran International";"iranintl.com";"Wlk. Brytania";"EN/FA";"media opozycyjne";"Z";"C";"Opozycyjne wobec Teheranu, stronnicze";"2026-09-23"
"Yemeni Press";"yemenipress.net";"Jemen";"AR";"media lojalne (Huti)";"A";"D";"Komunikaty rzecznika Huti Jahji Sariego";"2026-09-23"
"Al-Araby al-Jadeed";"alaraby.co.uk";"Wlk. Brytania/Katar";"AR";"media";"T";"C";"";"2026-09-23"
"TankerMap";"tankermap.com";"—";"EN";"agregator AIS";"T";"D";"Dzienne przejścia tankowców przez przesmyki; metoda nieznana";"2026-09-23"
"Egyptian Streets";"egyptianstreets.com";"Egipt";"EN";"media";"A";"C";"Dane Urzędu Kanału Sueskiego";"2026-09-23"
"Stars and Stripes";"stripes.com";"USA";"EN";"media wojskowe";"Z";"B";"";"2026-09-23"
"grosswald.org";"grosswald.org";"—";"EN";"analiza niezależna";"Z";"D";"Analizy NDAA §1249, trackery Bałtyku; autor i metoda nieustalone";"2026-09-23"
"Defence24";"defence24.pl";"Polska";"PL";"media branżowe";"A";"B";"";"2026-09-23"
"Izwiestia";"iz.ru";"Rosja";"RU";"media prorządowe";"A";"C";"";"2026-09-23"
"Prime (RIA)";"1prime.ru";"Rosja";"RU";"media państwowe";"A";"C";"";"2026-09-23"
"InoSMI";"inosmi.ru";"Rosja";"RU";"media państwowe (przedruki)";"A";"C";"Przedruki mediów zagranicznych w tłumaczeniu";"2026-09-23"
"Ministerstwo Obrony Łotwy";"mod.gov.lv";"Łotwa";"EN/LV";"oficjalne";"A";"A";"";"2026-09-23"
"LSM";"eng.lsm.lv";"Łotwa";"EN";"media publiczne";"A";"B";"";"2026-09-23"
"Kyiv Post (przedruki ISW)";"kyivpost.com";"Ukraina";"EN";"media";"Z";"B";"Przedruki dziennych ocen ISW";"2026-09-23"
"Russia Matters";"russiamatters.org";"USA";"EN";"ośrodek analityczny (Harvard Belfer)";"Z";"B";"Cotygodniowe zestawienia DeepState/Economist; HTTP 403 dla pobierania";"2026-09-23"
"Mail.ru Novosti";"news.mail.ru";"Rosja";"RU";"agregator mediów";"A";"C";"Przedruki komunikatów MO FR";"2026-09-23"
"LB.ua";"lb.ua";"Ukraina";"UK";"media";"A";"B";"Komunikaty SG ZSU";"2026-09-23"
"Interfax-Ukraina";"interfax.com.ua";"Ukraina";"UK";"agencja informacyjna";"A";"B";"";"2026-09-23"
"USNI News";"news.usni.org";"USA";"EN";"media wojskowe";"Z";"B";"Fleet Tracker, Western Pacific Pulse; HTTP 403 dla pobierania";"2026-09-23"
"Chinanews";"chinanews.com.cn";"Chiny";"ZH";"media państwowe";"A";"C";"Komunikaty Straży Przybrzeżnej ChRL";"2026-09-23"
"China Global South Project";"chinaglobalsouth.com";"—";"EN";"media niezależne";"T";"C";"";"2026-09-23"
"Ministerstwo Obrony Narodowej Tajwanu";"mnd.gov.tw";"Tajwan";"EN/ZH";"oficjalne";"A";"B";"Dzienne raporty o aktywności PLA";"2026-09-23"
"Taiwan News";"taiwannews.com.tw";"Tajwan";"EN";"media";"A";"C";"";"2026-09-23"
"NK News";"nknews.org";"USA/Korea Płd.";"EN";"media specjalistyczne";"Z";"B";"";"2026-09-23"
"gCaptain";"gcaptain.com";"USA";"EN";"media branżowe (żegluga)";"Z";"B";"";"2026-09-23"
"Windward";"windward.ai";"Izrael";"EN";"analiza danych morskich (komercyjna)";"Z";"C";"";"2026-09-23"
"The Moscow Times";"themoscowtimes.com";"Holandia";"EN";"media niezależne (emigracyjne)";"Z";"B";"";"2026-09-23"
"Rigzone";"rigzone.com";"USA";"EN";"media branżowe (energia)";"Z";"B";"Zamknięcia notowań ropy, komunikaty OPEC+";"2026-09-23"
"Investing.com (przedruki Reuters)";"investing.com";"USA";"EN";"agregator (przedruki agencyjne)";"Z";"B";"Teksty Reutersa, gdy reuters.com niedostępny";"2026-09-23"
"Seoul Economic Daily";"sedaily.com";"Korea Płd.";"EN";"media gospodarcze";"T";"B";"Zamknięcia notowań Brent/WTI";"2026-09-23"
"NBC News";"nbcnews.com";"USA";"EN";"media";"Z";"B";"";"2026-09-23"
"Trading Economics";"tradingeconomics.com";"USA";"EN";"agregator danych rynkowych";"T";"C";"Notowania towarów; komentarze bywają niespójne liczbowo";"2026-09-23"
"Fortune (ceny ropy)";"fortune.com";"USA";"EN";"media gospodarcze";"Z";"B";"Dzienne odczyty cen o 6:00 ET";"2026-09-23"
"IEA";"iea.org";"—";"EN";"organizacja międzynarodowa (dane)";"Z";"A";"Oil Market Report";"2026-09-23"
"EADaily";"eadaily.com";"Rosja";"RU";"media krajowe";"A";"C";"Przedruki komunikatów rządu FR";"2026-09-23"
"Al Arabiya";"alarabiya.net";"Arabia Saudyjska";"AR";"media lojalne (saudyjskie)";"A";"C";"Perspektywa Rijadu";"2026-09-23"
"Al Jazeera (arabska)";"aljazeera.net";"Katar";"AR";"media";"T";"B";"Wersja arabska różni się od angielskiej";"2026-09-23"
"Al Khaleej";"alkhaleej.ae";"ZEA";"AR";"media krajowe";"T";"C";"";"2026-09-23"
"Tradingpedia";"tradingpedia.com";"Bułgaria";"EN";"serwis rynkowy";"T";"C";"Notowania TTF";"2026-09-23"
"EnergyRiskIQ";"energyriskiq.com";"—";"EN";"agregator danych (AGSI+, TTF)";"T";"C";"Metoda nieopisana; za GIE AGSI+";"2026-09-23"
"Global Energy Flow";"global-energy-flow.com";"—";"EN";"agregator danych (AGSI+)";"T";"C";"Tracker magazynów za AGSI+";"2026-09-23"
"netTG.pl";"nettg.pl";"Polska";"PL";"media branżowe";"Z";"B";"Komunikaty Gas Storage Poland";"2026-09-23"
"Energetyka24";"energetyka24.com";"Polska";"PL";"media branżowe";"Z";"B";"";"2026-09-23"
"The Peninsula";"thepeninsulaqatar.com";"Katar";"EN";"media krajowe";"A";"C";"Wypowiedzi ministra energii Kataru";"2026-09-23"
"LNG Prime";"lngprime.com";"Chorwacja";"EN";"media branżowe (LNG)";"Z";"B";"";"2026-09-23"
"ADVFN";"advfn.com";"Wlk. Brytania";"EN";"serwis rynkowy";"Z";"C";"";"2026-09-23"
"Biznesinfo";"biznesinfo.pl";"Polska";"PL";"media";"Z";"C";"Za e-petrol";"2026-09-23"
"e-petrol";"e-petrol.pl";"Polska";"PL";"serwis danych (ceny paliw)";"Z";"B";"Notowania tygodniowe (środa); dane bieżące za logowaniem";"2026-09-23"
"AutoCentrum";"autocentrum.pl";"Polska";"PL";"serwis (ceny z raportów kierowców)";"Z";"C";"";"2026-09-23"
"cenypaliw.fyi";"cenypaliw.fyi";"Polska";"PL";"kalkulator (model hurt+marża)";"Z";"D";"Szacunek, nie pomiar";"2026-09-23"
"The Insider";"theins.ru";"Łotwa";"RU";"media niezależne (emigracyjne)";"Z";"B";"Przedruki Reutersa o rafineriach";"2026-09-23"
"AiF";"aif.ru";"Rosja";"RU";"media lojalne";"A";"C";"";"2026-09-23"
"Ukraińska Prawda";"pravda.com.ua";"Ukraina";"RU/UK";"media niezależne";"A";"B";"Perspektywa ukraińska";"2026-09-23"
"Wiedomosti";"vedomosti.ru";"Rosja";"RU";"media gospodarcze";"A";"B";"";"2026-09-23"
"FAO";"fao.org";"—";"EN";"organizacja międzynarodowa (dane)";"T";"A";"Indeks cen żywności";"2026-09-23"
"SMM (Shanghai Metals Market)";"news.metal.com";"Chiny";"EN";"serwis branżowy (metale)";"T";"C";"Dane GAC o eksporcie magnesów";"2026-09-23"
"The National";"thenationalnews.com";"ZEA";"EN";"media";"T";"B";"";"2026-09-23"
"RFA (chiński)";"rfa.org";"USA";"ZH";"media rządowe USA";"Z";"C";"Przegląd mediów chińskich";"2026-09-23"
"Foreign Policy";"foreignpolicy.com";"USA";"EN";"media analityczne";"Z";"B";"";"2026-09-23"
"MOFCOM";"mofcom.gov.cn";"Chiny";"ZH";"oficjalne";"A";"B";"Ogłoszenia o kontroli eksportu";"2026-09-23"
"White House";"whitehouse.gov";"USA";"EN";"oficjalne";"A";"B";"Tylko jako fakt o wypowiedzi/akcie";"2026-09-23"
"Baker McKenzie Sanctions Blog";"sanctionsnews.bakermckenzie.com";"USA";"EN";"kancelaria (analiza prawna)";"Z";"B";"";"2026-09-23"
"Fastmarkets";"fastmarkets.com";"Wlk. Brytania";"EN";"serwis branżowy (metale)";"Z";"B";"";"2026-09-23"
"CNBC";"cnbc.com";"USA";"EN";"media gospodarcze";"Z";"B";"Część stron zwraca 403";"2026-09-23"
"Marine Insight";"marineinsight.com";"Indie";"EN";"media branżowe (żegluga)";"T";"C";"";"2026-09-23"
"Discovery Alert";"discoveryalert.com";"Australia";"EN";"serwis analityczny (surowce)";"T";"D";"Źródło wtórne; weryfikować";"2026-09-23"
