code;names
US;United States|USA|US
GB;United Kingdom|UK|Britain|GB
CA;Canada|CA
AU;Australia|AU
NZ;New Zealand|NZ
IE;Ireland|IE
FR;France|FR
DE;Germany|DE
IT;Italy|IT
ES;Spain|ES
PT;Portugal|PT
NL;Netherlands|NL
BE;Belgium|BE
LU;Luxembourg|LU
AT;Austria|AT
CH;Switzerland|CH
SE;Sweden|SE
NO;Norway|NO
DK;Denmark|DK
FI;Finland|FI
IS;Iceland|IS
PL;Poland|PL
CZ;Czech Republic|Czechia|CZ
SK;Slovakia|SK
HU;Hungary|HU
RO;Romania|RO
BG;Bulgaria|BG
GR;Greece|GR
CY;Cyprus|CY
MT;Malta|MT
SI;Slovenia|SI
HR;Croatia|HR
EE;Estonia|EE
LV;Latvia|LV
LT;Lithuania|LT
RS;Serbia|RS
BA;Bosnia and Herzegovina|Bosnia-Herzegovina|BA
ME;Montenegro|ME
MK;North Macedonia|Macedonia|MK
AL;Albania|AL
XK;Kosovo|XK
MD;Moldova|MD
UA;Ukraine|UA
BY;Belarus|BY
RU;Russia|Russian Federation|RU
GE;Georgia|GE
AM;Armenia|AM
AZ;Azerbaijan|AZ
TR;Turkey|Turkiye|Türkiye|TR
KZ;Kazakhstan|KZ
UZ;Uzbekistan|UZ
KG;Kyrgyzstan|KG
TJ;Tajikistan|TJ
TM;Turkmenistan|TM
MN;Mongolia|MN
CN;China|CN
HK;Hong Kong|HK
MO;Macau|MO
TW;Taiwan|TW
JP;Japan|JP
KR;South Korea|Korea, South|Republic of Korea|KR
KP;North Korea|Korea, North|KP
IN;India|IN
PK;Pakistan|PK
BD;Bangladesh|BD
LK;Sri Lanka|LK
NP;Nepal|NP
AF;Afghanistan|AF
IR;Iran|IR
IQ;Iraq|IQ
SY;Syria|SY
LB;Lebanon|LB
JO;Jordan|JO
IL;Israel|IL
PS;Palestine|West Bank|Gaza Strip|PS
SA;Saudi Arabia|SA
AE;United Arab Emirates|UAE|AE
QA;Qatar|QA
BH;Bahrain|BH
KW;Kuwait|KW
OM;Oman|OM
YE;Yemen|YE
EG;Egypt|EG
LY;Libya|LY
TN;Tunisia|TN
DZ;Algeria|DZ
MA;Morocco|MA
SD;Sudan|SD
SS;South Sudan|SS
ET;Ethiopia|ET
ER;Eritrea|ER
SO;Somalia|SO
DJ;Djibouti|DJ
KE;Kenya|KE
UG;Uganda|UG
TZ;Tanzania|TZ
RW;Rwanda|RW
CD;Democratic Republic of the Congo|Congo, Democratic Republic of the|DR Congo|CD
NG;Nigeria|NG
GH;Ghana|GH
SN;Senegal|SN
ML;Mali|ML
BF;Burkina Faso|BF
NE;Niger|NE
TD;Chad|TD
CM;Cameroon|CM
CI;Ivory Coast|Cote d'Ivoire|Côte d'Ivoire|CI
ZA;South Africa|ZA
AO;Angola|AO
MZ;Mozambique|MZ
ZW;Zimbabwe|ZW
MX;Mexico|MX
BR;Brazil|BR
AR;Argentina|AR
CL;Chile|CL
CO;Colombia|CO
PE;Peru|PE
VE;Venezuela|VE
CU;Cuba|CU
EC;Ecuador|EC
BO;Bolivia|BO
UY;Uruguay|UY
PY;Paraguay|PY
PA;Panama|PA
NI;Nicaragua|NI
ID;Indonesia|ID
MY;Malaysia|MY
SG;Singapore|SG
TH;Thailand|TH
VN;Vietnam|VN
PH;Philippines|PH
MM;Myanmar|Burma|MM
KH;Cambodia|KH
